item_id,item_title,avg_price,popularity,n_interactions
10002,inflatable political globe,0.84,787,302
10080,groovy cactus inflatable,0.51,64,27
10109,bendy colour pencils,0.42,2,1
10120,doggy rubber,0.21,149,62
10123C,hearts wrapping tape,0.62,93,46
10123G,army camo wrapping tape,0.56,25,13
10124A,spots on red bookcover tape,0.42,35,18
10124G,army camo bookcover tape,0.42,19,9
10125,mini funky design tapes,0.82,298,126
10133,colouring pencils brown tube,0.66,555,203
10134,colouring pencils brown tube,1.24,114,50
10135,colouring pencils brown tube,1.22,640,252
10138,assorted colour jumbo pen,0.42,44,16
11001,asstd design racing car pen,1.73,487,183
15030,fan black frame,0.29,73,27
15034,paper pocket traveling fan,0.14,498,173
15036,assorted colours silk fan,0.77,1897,635
15039,sandalwood fan,0.83,459,182
15044A,pink paper parasol,2.96,444,194
15044B,blue paper parasol,2.92,332,148
15044C,purple paper parasol,2.93,334,161
15044D,red paper parasol,2.93,429,190
15056BL,edwardian parasol black,5.79,1746,799
15056N,edwardian parasol natural,5.79,1943,866
15056P,edwardian parasol pink,5.84,652,322
15058A,blue white spots garden parasol,7.19,211,107
15058B,pink white spots garden parasol,7.49,165,91
15058C,ice cream design garden parasol,6.6,142,71
15059A,english rose edwardian parasol,3.0,3,1
15060B,fairy cake design umbrella,3.77,525,274
16008,small folding scissor(pointed edge),0.16,238,85
16010,folding camping scissor w/knif & s,0.12,11,4
16011,animal stickers,0.21,324,112
16012,food/drink spunge stickers,0.21,245,83
16014,small chinese style scissor,0.39,249,92
16015,medium chinese style scissor,0.49,178,65
16016,large chinese style scissor,0.84,295,105
16020C,clear stationery box set,0.85,46,25
16033,mini highlighter pens,0.12,145,49
16043,pop art push down rubber,0.31,31,12
16044,pop-art fluorescent pens,0.24,6,2
16045,popart wooden pencils asst,0.05,219,73
16046,teatime pen case & pens,0.75,98,48
16047,pop art pen case & pens,0.78,53,23
16048,teatime round pencil sharpener,0.19,192,70
16049,teatime gel pens asst,0.28,75,25
16050,teatime pencil with rubber,0.25,10,4
16051,teatime pencil w stamp asst,0.3,9,3
16052,teatime push down rubber,0.39,61,21
16053,popart col ballpoint pen asst,0.16,24,8
16054,popart rect pencil sharpener asst,0.16,99,37
16119,funky girl address book,1.0,17,7
16151A,flower des blue handbag/orang handl,2.25,10,5
16156L,"wrap, carousel",0.42,108,36
16156N,"wrap, friendship on green",0.42,165,55
16156S,wrap pink fairy cakes,0.42,1251,417
16161C,wrap speed demons,0.1,6,2
16161E,wrap boudoir,0.1,27,9
16161G,wrap bad hair day,0.1,99,33
16161M,wrap  pink flock,0.42,117,39
16161P,wrap english rose,0.42,1318,440
16161U,"wrap,suki and friends",0.42,949,317
16162L,the king gift bag,0.52,43,17
16162M,the king gift bag 25x24x12cm,0.42,31,12
16168M,funky monkey gift bag medium,0.39,143,53
16168S,funky monkey gift bag small,0.18,21,7
16169A,wrap christmas decoupage,0.42,3,1
16169C,wrap blue reindeer,0.42,129,43
16169D,wrap winter forest,0.42,27,9
16169E,wrap 50's  christmas,0.42,448,150
16169F,wrap blizzard,0.42,102,34
16169G,wrap romantic decoupage,0.42,3,1
16169K,wrap folk art,0.36,177,59
16169M,wrap daisy carpet,0.35,180,60
16169N,wrap blue russian folkart,0.35,168,56
16169P,wrap green russian folkart,0.36,144,48
16201A,pastel pink photo album,2.55,21,8
16201B,pastel blue photo album,1.95,6,2
16202A,pastel pink photo album,3.69,35,19
16202B,pastel blue photo album,3.19,44,18
16202C,beige photo album,3.03,23,10
16202E,black photo album,2.72,28,13
16206B,red purse with pink heart,1.23,36,16
16207A,pink strawberry handbag,2.95,38,19
16207B,pink heart red handbag,2.52,28,13
16212,funky girlz asst magnetic memo pad,0.65,74,34
16215,funky girlz magnetic to do list,0.65,5,3
16216,letter shape pencil sharpener,0.13,226,79
16218,cartoon  pencil sharpeners,0.1,206,70
16219,house shape pencil sharpener,0.13,196,66
16225,rattle snake eggs,1.18,239,113
16235,recycled pencil with rabbit eraser,0.21,454,164
16236,kitty pencil erasers,0.21,356,147
16237,sleeping cat erasers,0.21,917,345
16238,party time pencil erasers,0.23,341,136
16239,ballerina heart decoration.,2.69,23,13
16243B,brown cozy square photo album,1.95,3,1
16244A,maxwell 2 tone pink 60 page photo a,3.48,12,6
16244B,maxwell 2 tone blue 60 page photo a,2.92,16,8
16245A,pink mini stationery set w case,1.25,10,7
16248B,blue hole punch,1.25,22,12
16254,transparent acrylic tape dispenser,0.9,31,20
16256B,flower pencil/rubber+5 mini pencils,0.42,59,21
16256C,hearts pencil/rubber+5 mini pencils,0.42,24,10
16258A,swirly circular rubbers in bag,0.42,166,76
16258B,daisy erasers in bag,0.29,36,14
16259,piece of camo stationery set,0.15,164,55
17001,heavens scent fragrance oils asstd,0.28,65,23
17003,brocade ring purse,0.27,1126,393
17007B,s/3 pot pouri cushions blue colours,2.1,15,7
17011A,origami vanilla incense+flower,1.32,16,6
17011B,origami jasmine incense+flower,1.2,5,2
17011C,origami lavender incense+flower,0.65,3,1
17011D,origami rose incense+flower,0.48,6,2
17011E,origami opium scent incense+flower,0.65,3,1
17011F,origami sandlewood incense+flower,1.42,38,15
17012A,origami vanilla incense/candle set,1.33,84,35
17012B,origami jasmine incense/candle set,1.34,99,48
17012C,origami lavender incense/candl set,1.39,114,56
17012D,origami rose incense/candle set,1.25,109,51
17012E,origami opium incense/candle set,2.24,23,12
17012F,origami sandlewood incense/cand set,1.1,102,47
17013B,origami jasmine incense in tube,0.84,6,2
17013C,origami lavender incense in tube,0.42,6,2
17013D,origami rose incense in tube,1.0,57,21
17013F,origami sandlewood incense in tube,1.31,7,4
17014A,origami vanilla incense cones,0.7,23,9
17014C,origami lavender incense cones,0.42,3,1
17014D,origami rose incense cones,1.01,13,6
17014E,origami opium incense cones,1.31,7,4
17014F,origami sandlewood incense cones,1.31,7,4
17021,namaste swagat incense,0.29,241,82
17027A,incense bazaar cannabis,0.36,6,2
17028J,incense bazaar peach,0.42,3,1
17033,"brocade purse,small arch button",0.29,190,68
17038,porcelain budah incense holder,0.09,84,30
17039,inlaid wood incense holder,0.27,86,30
17061,assorted shaped stencil for henna,0.04,3,1
17084A,tranquility masala incense,0.21,54,18
17084G,moon incense,0.21,6,2
17084J,love potion masala incense,0.21,55,19
17084N,fairy dreams incense,0.21,201,67
17084P,dragons blood incense,0.21,78,26
17084R,assorted incense pack,0.2,198,66
17090A,lavender incense 40 cones in tin,1.2,59,26
17090D,vanilla incense 40 cones in tin,1.24,52,30
17091A,lavender incense in tin,0.93,264,110
17091B,jasmine tea incense in tin,1.22,93,44
17091F,sandalwood incense in tin,1.25,12,6
17091J,vanilla incense in tin,0.73,431,166
17096,assorted laquered incense holders,0.2,101,35
17107D,"flower fairy,5 summer b'draw liners",2.55,178,84
17108D,flower fairy summer bouquet sachet,0.42,67,23
17109A,flower fairy incense lily,1.19,32,13
17109B,flower fairy incense lavender,1.18,38,16
17109C,flower fairy incense rose,1.24,32,15
17109D,flower fairy incense bouquet,1.3,79,37
17129C,sky blue colour glass gems in bag,0.83,15,10
17129D,clear colour glass gems in bag,0.76,46,19
17129F,deep blue glass gems in bag,0.78,106,42
17136A,blue stones on wire for candle,0.11,93,34
17164B,ass col small sand gecko p'weight,0.42,194,81
17164D,ass col small sand frog p'weight,0.42,72,30
17165B,ass col large sand gecko p'weight,1.03,136,60
17165D,ass col large sand frog p'weight,1.03,200,93
17174,asstd rasta key-chains,0.42,12,7
17178,flat palm t-light holder,1.23,56,25
17181,circle of friends candle holder,2.15,63,30
17191A,rose flower candle+incense 16x16cm,3.75,24,12
18007,essential balm 3.5g tin in envelope,0.17,138,53
18010,assorted fragrance bath confetti,0.42,17,6
18094C,white/blue rect ceramic oil burner,1.19,114,43
18096C,white round porcelain tlight holder,2.5,34,13
18097A,pink tall porcelain t-light holder,2.55,16,12
18097B,blue tall porcelain t-light holder,2.55,6,4
18097C,white tall porcelain t-light holder,2.51,380,160
18098A,pink porcelain b'fly oil burner,2.95,2,2
18098B,blue porcelain b'fly oil burner,2.95,3,3
18098C,porcelain butterfly oil burner,2.89,418,184
20615,blue spotty passport cover,1.81,146,79
20616,cherry blossom passport cover,1.66,74,44
20617,first class passport cover,2.13,139,74
20618,queen of the skies passport cover,2.09,120,74
20619,tropical passport cover,2.15,124,68
20620,red spotty passport cover,2.1,1,1
20621,economy passport cover,2.1,55,29
20622,vippassport cover,2.05,156,82
20652,blue spotty luggage tag,1.3,172,90
20653,cherry blossom luggage tag,1.29,59,31
20654,first class luggage tag,1.24,148,85
20655,queen of skies luggage tag,1.27,159,94
20657,tropical luggage tag,1.24,126,71
20658,red spotty luggage tag,1.25,476,228
20659,economy luggage tag,1.35,156,91
20660,vip luggage tag,1.25,44,27
20661,blue spotty purse,3.02,92,43
20662,first class holiday purse,2.94,56,25
20663,queen of the skies holiday purse,2.74,28,15
20664,tropical holiday purse,2.95,24,16
20665,red spotty purse,2.94,549,222
20666,economy holiday purse,2.68,43,22
20667,cherry blossom purse,2.95,15,9
20668,disco ball christmas decoration,0.12,923,314
20669,red heart luggage tag,1.25,277,138
20670,vip holiday purse,2.96,42,22
20671,blue teatime print bowl,1.25,250,106
20672,pink teatime print bowl,1.25,51,22
20673,strawberries print bowl,1.25,3,2
20674,green spotty bowl,1.25,892,363
20675,blue spotty bowl,1.24,1340,537
20676,red spotty bowl,1.24,1902,723
20677,pink spotty bowl,1.25,1403,551
20678,large black diamante hairslide,1.65,2,1
20679,edwardian parasol red,5.82,1349,623
20680,pink flowers childs umbrella,3.25,6,5
20681,pink spotty childs umbrella,3.24,606,276
20682,red spotty childs umbrella,3.27,1125,481
20683,rain girl childs umbrella,3.25,1,1
20684,strawberry dream childs umbrella,3.24,304,158
20685,red spotty coir doormat,7.42,3067,1478
20686,dolly mixture children's umbrella,3.26,317,160
20688,beauty speed expresso cups,4.45,17,9
20689,retro sisters expresso cups,5.6,40,27
20692,floral elephant soft toy,4.18,232,118
20693,floral dinosaur green,4.25,20,12
20694,floral pink monster,3.71,50,26
20695,floral blue monster,4.17,45,26
20696,floral soft car toy,3.75,65,34
20697,little green monster soft toy,2.5,30,19
20698,little pink monster soft toy,2.5,32,19
20699,mousey long legs soft toy,2.53,109,46
20700,green cat floral cushion cover,3.12,23,12
20701,pink cat floral cushion cover,3.17,23,13
20702,pink padded mobile,4.24,444,240
20703,blue padded soft mobile,4.23,301,165
20704,mr robot soft toy,5.3,140,64
20705,mrs robot soft toy,5.39,99,49
20707,crazy daisy heart decoration,1.35,146,64
20711,jumbo bag toys,1.95,1722,674
20712,jumbo bag woodland animals,1.99,2366,925
20713,jumbo bag owls,1.97,2367,929
20714,posy shopper bag,0.6,33,12
20715,little flower shopper bag,1.06,3,1
20716,party food shopper bag,1.24,424,172
20717,strawberry shopper bag,1.26,1232,507
20718,red spotty shopper bag,1.25,2237,871
20719,woodland charlotte bag,0.84,2909,1070
20721,owls charlotte bag,0.85,1,1
20723,strawberry charlotte bag,0.85,2647,996
20724,red spotty charlotte bag,0.84,4135,1507
20725,lunch bag red spotty,1.65,6832,2609
20726,lunch bag woodland,1.65,4003,1606
20727,lunch bag  black skull.,1.64,5060,2045
20728,lunch bag cars blue,1.65,4571,1820
20729,red spotty candy bag,1.23,145,67
20730,strawberry candy bag,1.21,88,41
20731,posy candy bag,1.11,97,46
20733,gold mini tape measure,0.81,226,102
20734,silver mini tape measure,0.84,169,68
20735,black mini tape measure,0.81,119,63
20736,pink mini tape measure,0.84,45,18
20738,green mini tape measure,0.84,174,65
20747,piccadilly tea set,14.73,116,70
20748,kensington coffee set,12.16,178,114
20749,assorted colour mini cases,7.78,1400,729
20750,red/white dot mini cases,7.77,1731,872
20751,funky washing up gloves assorted,2.1,879,429
20752,retro blue spotty washing up gloves,2.08,521,270
20753,retro pink spot washing up gloves,2.06,82,38
20754,retro red spotty washing up gloves,2.08,1534,684
20755,blue paisley pocket book,0.84,195,86
20756,green fern pocket book,0.83,91,44
20757,red daisy pocket book,0.85,117,56
20758,abstract circles pocket book,0.84,160,76
20759,chrysanthemum pocket book,0.83,93,44
20760,garden path pocket book,0.83,133,60
20761,blue paisley sketchbook,3.7,178,117
20762,green fern sketchbook,3.67,170,111
20763,daisy sketchbook,3.55,92,59
20764,abstract circles sketchbook,3.69,234,145
20765,chrysanthemum sketchbook,3.73,179,121
20766,garden path sketchbook,3.68,199,125
20767,blue paisley journal,2.52,289,148
20768,green fern journal,2.47,229,117
20769,daisy journal,2.46,112,62
20770,abstract circle journal,2.43,244,114
20771,chrysanthemum  journal,2.47,222,112
20772,garden path journal,2.4,279,131
20773,blue paisley notebook,1.63,186,98
20774,green fern notebook,1.63,148,77
20775,daisy notebook,1.62,102,54
20776,abstract circles notebook,1.62,103,54
20777,chrysanthemum notebook,1.63,171,95
20778,garden path notebook,1.63,148,81
20780,black ear muff headphones,5.48,94,61
20781,gold ear muff headphones,5.23,61,41
20782,camouflage ear muff headphones,5.52,78,51
20783,heart ear muff headphones,5.44,57,34
20784,red retro bar stool,38.95,12,8
20785,fuschia retro bar stool,39.24,27,17
20786,black retro bar stool,39.51,13,9
20787,blue retro bar stool,39.45,11,8
20791,blue tiled set of 3 drawers,12.75,3,1
20793,blue tiled tray,6.35,28,15
20794,blue  tile hook,2.54,76,31
20795,large blue provencal ceramic ball,2.08,42,17
20796,small blue provencal ceramic ball,1.65,31,13
20798,clear milkshake glass,2.07,114,43
20799,pink milkshake glass,2.0,33,13
20800,large glass sundae dish clear,1.4,5,2
20801,large pink glass sundae dish,1.34,183,73
20802,small glass sundae dish clear,1.54,215,76
20803,small pink glass sundae dish,1.08,165,61
20804,glass chicken butter dish,1.64,55,24
20812,embossed flower trellis photo frame,2.55,5,3
20814,silver finch decoration,1.2,28,12
20816,gold flower cushion cover,5.38,15,7
20818,gold teddy bear,3.52,35,22
20819,silver teddy bear,3.62,84,50
20820,silver looking mirror,4.95,10,8
20821,goldie looking mirror,4.95,17,10
20822,silver wine goblet,4.65,2,1
20823,gold wine goblet,3.01,41,17
20825,gold wine glass,3.63,18,6
20826,silver aperitif glass,1.35,40,14
20827,gold aperitif glass,1.63,22,8
20828,glitter butterfly clips,2.53,1164,516
20829,glitter hanging butterfly string,2.11,974,414
20830,silver photo frame,2.07,113,47
20831,gold photo frame,1.94,124,52
20832,red flock love heart photo frame,0.7,263,104
20833,shaker throw  quilted,27.63,13,5
20835,french lattice cushion cover,0.83,24,8
20836,french paisley cushion cover,1.12,65,22
20837,french floral cushion cover,1.18,53,18
20838,french lattice cushion cover,1.18,110,39
20839,french paisley cushion cover,1.35,170,60
20840,french floral cushion cover,1.34,174,61
20845,zinc heart lattice 2 wall planter,6.35,37,21
20846,zinc heart lattice t-light holder,1.25,350,131
20847,zinc heart lattice charger large,3.75,36,20
20848,zinc heart lattice charger small,2.95,21,12
20849,zinc heart lattice double planter,3.51,39,20
20850,zinc heart lattice planter bowl,2.84,57,23
20851,zinc heart lattice tray oval,5.76,43,28
20854,blue patch purse pink heart,1.65,162,84
20855,pink patch purse blue heart,1.65,84,47
20856,denim patch purse pink butterfly,1.65,175,90
20857,blue rose patch purse pink butterfl,1.65,146,76
20858,silver purse gold pink butterfly,1.65,2,1
20860,gold cosmetics bag with butterfly,2.1,15,10
20861,gold cosmetic bag pink star,2.1,28,16
20862,pink patch pencil case blue heart,2.09,58,28
20863,blue patch pencil case pink heart,2.07,79,42
20864,denim patch pencil case butterfly,2.05,55,27
20865,patchwork pencil case butterfly,2.06,53,30
20866,blue rose fabric mirror,1.26,189,87
20867,pink rose fabric mirror,1.22,169,77
20868,silver fabric mirror,0.77,97,46
20869,gold fabric mirror,0.71,66,32
20870,opulent velvet candle in box,1.89,8,4
20871,opulent velvet set/3 candles,1.84,194,78
20877,modern christmas bauble candle,0.42,6,3
20878,set/9 christmas t-lights scented,1.24,166,69
20879,tree of noah festive scented candle,0.65,23,8
20881,modern christmas tree candle,0.85,2,1
20882,modern christmas tree candle,2.95,2,1
20884,modern christmas tree candle,2.1,2,2
20885,box of 3 pebble candles,2.95,1,1
20886,box of 9 pebble candles,1.94,582,248
20887,box of 6 pebble candles,3.45,5,4
20888,set 3 jardin de femme scent candles,2.35,28,11
20889,jardin de femme scented candle,2.03,30,12
20890,small glass rose scented candle,3.75,2,1
20891,large glass rose scented candle,7.95,2,1
20892,set/3 tall glass candle holder pink,10.59,47,23
20893,hanging bauble t-light holder small,2.5,130,66
20894,hanging bauble t-light holder large,2.94,118,61
20895,vintage notebook french letter,2.95,7,4
20896,vintage notebook pink flower,2.95,23,14
20897,vintage notebook paris days,2.89,76,37
20898,vintage notebook travelogue,2.86,83,39
20899,vintage notebook red rose,2.95,24,13
20901,vintage keepsake box pink flower,6.35,30,16
20902,vintage keepsake box paris days,6.0,27,15
20903,vintage keepsake box travelogue,5.66,38,19
20905,vintage keepsake box beauty girl,6.35,4,3
20906,vintage notebook beauty girl,2.95,53,29
20910,vintage photo album paris days,6.32,47,28
20913,set/5 blue spotty lid glass bowls,2.94,59,30
20914,set/5 red spotty lid glass bowls,2.93,4399,1821
20931,blue pot plant candle,3.39,196,103
20932,pink pot plant candle,3.44,108,56
20933,yellow pot plant candle,3.45,79,43
20934,set/3 pot plant candles,5.4,94,48
20935,round cactus candle,2.64,85,40
20936,forked cactus candle,2.88,120,55
20939,orange candle,0.85,3,1
20940,set/6 garden gnome t-light candles,2.91,43,18
20941,frog candle,1.19,166,70
20942,set/6 gingerbread tree t-lights,1.25,6,4
20943,set/6 gingerbread star t-lights,1.25,118,48
20950,set/6  angel t-lights white/gold,0.46,171,66
20952,porcelain cherub bell small,0.42,40,20
20953,porcelain cherub bell large,1.65,12,7
20956,porcelain t-light holders assorted,1.26,403,145
20957,porcelain hanging bell small,1.45,28,12
20958,porcelain hanging bell large,1.95,15,9
20960,watermelon bath sponge,1.25,355,144
20961,strawberry bath sponge,1.27,693,318
20963,apple bath sponge,1.28,688,298
20964,polyester filler pad 60x40cm,2.55,13,6
20966,sandwich bath sponge,1.25,523,236
20967,grey floral feltcraft shoulder bag,3.74,503,276
20968,green floral feltcraft shoulder bag,3.75,26,15
20969,red floral feltcraft shoulder bag,3.78,1012,519
20970,pink floral feltcraft shoulder bag,3.76,999,507
20971,pink blue felt craft trinket box,1.25,2594,1018
20972,pink cream felt craft trinket box,1.26,3245,1238
20973,12 pencil small tube woodland,0.66,1266,535
20974,12 pencils small tube skull,0.65,1724,712
20975,12 pencils small tube red spotty,0.65,1985,789
20976,12 pencils small tube posy,0.65,140,64
20977,36 pencils tube woodland,1.25,848,361
20978,36 pencils tube skulls,1.25,910,404
20979,36 pencils tube red spotty,1.24,1289,520
20980,36 pencils tube posy,1.25,77,40
20981,12 pencils tall tube woodland,0.85,1037,429
20982,12 pencils tall tube skulls,0.85,1158,496
20983,12 pencils tall tube red spotty,0.85,1360,559
20984,12 pencils tall tube posy,0.45,592,231
20985,heart calculator,1.26,465,224
20986,blue calculator ruler,1.28,256,135
20987,geisha girl chopsticks set/5,1.95,33,12
20988,trellis flower chopsticks set/5,1.95,16,9
20989,urban chic chopsticks set/5,1.94,110,48
20990,spring flower chopsticks set/5,1.94,209,90
20991,jazz hearts magnetic memo pad,0.61,37,16
20992,jazz hearts purse notebook,0.59,980,395
20993,jazz hearts memo pad,0.6,62,24
20994,jazz hearts spiral notepad,0.85,25,12
20996,jazz hearts address book,0.3,687,271
20997,rose du sud cushion cover,4.95,54,28
20998,rose du sud oven glove,2.94,123,58
21000,rose du sud cosmetics bag,4.19,73,40
21001,rose du sud washbag,5.95,48,31
21002,rose du sud drawstring bag,4.25,52,26
21003,rose du sud cushion cover,6.35,19,11
21004,rose du sud childs apron,4.25,80,49
21007,etched glass droplet decoration,0.76,111,39
21009,etched glass star tree decoration,1.25,236,82
21010,etched glass bird tree decoration,1.25,195,68
21011,glitter snow pear tree decoration,1.17,283,109
21012,antique all glass candlestick,2.03,344,143
21014,swiss chalet tree decoration,0.56,280,112
21015,dark bird house tree decoration,0.46,225,92
21016,light bird house tree decoration,0.81,159,70
21017,red bird house tree decoration,0.8,83,39
21018,bird box christmas tree decoration,0.85,83,39
21025,space frog,1.35,80,36
21026,space owl,1.29,124,56
21027,ninja rabbit pink,1.24,107,48
21028,ninja rabbit black,1.39,86,40
21030,space cadet red,1.27,85,40
21031,space cadet black,1.28,47,25
21032,space cadet white,1.36,64,32
21033,jumbo bag charlie and lola toys,2.59,642,293
21034,rex cash+carry jumbo shopper,0.95,2966,1950
21035,set/2 red spotty tea towels,3.07,1477,625
21036,set/2 tea towels modern vintage,2.55,1,1
21038,set/4 modern vintage cotton napkins,2.11,95,49
21039,red spotty shopping bag,2.61,496,200
21040,modern vintage cotton shopping bag,2.11,116,47
21041,red spotty oven glove double,2.94,768,335
21042,red spotty apron,5.92,666,340
21043,apron modern vintage cotton,3.52,199,89
21051,ribbons purse,2.1,233,96
21054,nurse's bag soft toy,8.94,254,164
21055,tool box soft toy,9.21,255,177
21056,doctor's bag soft toy,9.23,286,179
21058,party invites woodland,0.85,515,211
21059,party invites dinosaurs,0.85,479,198
21060,party invites balloon girl,0.84,300,123
21061,party invites football,0.83,301,126
21062,party invites spaceman,0.85,298,121
21063,party invites jazz hearts,0.86,455,198
21064,boom box speaker boys,5.38,173,106
21065,boom box speaker girls,4.79,106,61
21066,vintage red mug,1.05,259,110
21067,vintage red teatime mug,1.09,432,181
21068,vintage billboard love/hate mug,1.19,640,260
21069,vintage billboard tea mug,1.23,450,181
21070,vintage billboard mug,1.25,376,166
21071,vintage billboard drink me mug,1.22,816,319
21076,set/20 collage paper napkin,0.84,174,75
21077,set/20 woodland paper napkins,0.83,385,170
21078,set/20 strawberry paper napkins,0.84,1295,546
21080,set/20 red spotty paper napkins,0.84,4358,1696
21081,set/20 posies paper napkins,0.85,4,4
21082,set/20 fruit salad paper napkins,0.83,267,119
21084,set/6 collage paper cups,0.35,379,140
21085,set/6 woodland paper cups,0.64,144,58
21086,set/6 red spotty paper cups,0.65,1745,631
21087,set/6 posies paper cups,0.56,54,21
21088,set/6 fruit salad paper cups,0.35,285,105
21089,set/6 green spring paper cups,0.37,94,36
21090,set/6 collage paper plates,0.56,426,160
21091,set/6 woodland paper plates,0.82,93,35
21092,set/6 strawberry paper plates,0.8,46,18
21094,set/6 red spotty paper plates,0.83,1901,696
21095,set/6 posies paper plates,0.85,72,28
21096,set/6 fruit salad  paper plates,0.54,265,101
21097,set/6 green spring  paper plate,0.85,15,7
21098,christmas toilet roll,1.27,1006,428
21099,set/6 strawberry paper cups,0.63,72,30
21100,charlie and lola charlotte bag,1.58,382,160
21102,"candle in jar collage , vanilla",2.55,30,12
21106,cream slice flannel chocolate spot,2.91,281,121
21107,cream slice flannel pink spot,2.9,541,230
21108,fairy cake flannel assorted colour,2.0,1173,410
21109,"large cake towel, chocolate spots",5.62,318,166
21110,large cake towel pink spots,6.29,441,233
21111,"swiss roll towel, chocolate  spots",2.62,314,130
21112,"swiss roll towel, pink  spots",2.81,312,129
21114,lavender scented fabric heart,1.27,1392,471
21115,rose caravan doorstop,6.42,641,358
21116,owl doorstop,4.94,473,247
21117,blond doll doorstop,1.91,67,26
21118,shopping bag doorstop,2.54,19,7
21121,set/10 red spotty party candles,1.25,1908,797
21122,set/10 pink spotty party candles,1.25,1744,751
21123,set/10 ivory spotty party candles,1.24,440,193
21124,set/10 blue spotty party candles,1.25,1420,610
21125,set 6 football celebration candles,1.22,461,206
21126,set of 6 girls celebration candles,1.22,506,213
21127,colourful fishing gnome,5.8,61,38
21128,gold fishing gnome,6.4,53,28
21129,silver fishing gnome,7.46,73,42
21130,colourful standing gnome,3.36,95,39
21131,gold standing gnome,4.01,54,29
21132,silver standing gnome,4.04,43,29
21133,painted bird assorted christmas,1.69,109,41
21134,victorian metal postcard christmas,1.65,106,44
21135,victorian  metal postcard spring,1.68,1113,391
21136,painted metal pears assorted,1.69,2073,722
21137,black record cover frame,3.63,1392,541
21143,antique glass heart decoration,1.94,424,157
21144,pink poodle hanging decoration,0.5,103,43
21145,antique glass place setting,1.24,117,39
21146,antique glass ridged hanging ball,1.94,143,52
21147,jingle bells tree decoration,2.05,108,47
21153,red spotty tablecloth,10.63,229,123
21154,red spotty oven glove,1.27,1457,607
21155,red spotty peg bag,2.28,1814,730
21156,red spotty childs apron,1.95,2007,801
21157,red spotty washbag,2.1,277,110
21158,moody girl door hanger,0.95,543,271
21159,moody boy  door hanger,1.03,419,215
21160,keep out girls door hanger,1.27,100,49
21161,keep out boys door hanger,1.38,326,166
21162,toxic area  door hanger,0.94,493,241
21163,do not touch my stuff door hanger,1.03,442,223
21164,home sweet home metal sign,2.93,1492,632
21165,beware of the cat metal sign,1.66,1819,797
21166,cook with wine metal sign,1.98,2886,1235
21167,white sage incense,0.21,150,50
21169,you're confusing me metal sign,1.66,1456,633
21171,bathroom metal sign,1.42,478,227
21172,party metal sign,1.46,1862,820
21173,loo roll  metal sign,1.65,125,61
21174,pottering in the shed metal sign,1.99,1965,866
21175,gin + tonic diet metal sign,2.27,3374,1434
21179,no junk mail metal sign,0.98,833,368
21181,please one person  metal sign,2.07,3937,1565
21185,home sweet home  blackboard,6.33,68,36
21186,white dove honeycomb paper garland,1.62,718,280
21187,white bell honeycomb paper garland,1.64,263,112
21188,3d hearts  honeycomb paper garland,2.93,235,98
21189,white honeycomb paper garland,1.64,143,61
21190,pink hearts paper garland,1.63,188,87
21191,large white honeycomb paper bell,2.07,290,116
21192,white bell honeycomb paper,1.63,294,119
21193,white honeycomb paper fan,2.07,30,15
21194,pink  honeycomb paper fan,1.3,143,62
21195,pink  honeycomb paper ball,1.99,137,55
21196,round white confetti in tube,1.65,43,18
21197,multicolour  confetti in tube,1.6,82,32
21198,white heart confetti in tube,1.48,203,83
21199,pink  heart confetti in tube,1.52,224,94
21200,multicolour honeycomb paper garland,1.57,178,76
21201,tropical  honeycomb paper garland,2.49,438,189
21202,dolly honeycomb garland,1.56,131,56
21203,butterflies  honeycomb garland,1.63,265,109
21204,daisies  honeycomb garland,1.64,343,146
21205,multicolour 3d balls garland,2.54,243,114
21206,strawberry honeycomb  garland,1.61,454,192
21207,skull and crossbones  garland,1.63,528,213
21208,pastel colour honeycomb fan,0.89,200,77
21209,multicolour honeycomb fan,0.99,227,84
21210,set of 72 retro spot paper  doilies,1.45,2389,933
21211,set of 72 skull paper  doilies,1.45,407,185
21212,pack of 72 retro spot cake cases,0.54,6747,2556
21213,pack of 72 skull cake cases,0.54,2964,1178
21214,set of 72 ivory paper doilies,1.44,304,127
21215,ivory paper cup cake cases,0.54,442,185
21216,"set 3 red spot tin tea,coffee,sugar",4.9,1041,529
21217,red spotty round cake tins,9.85,1354,770
21218,red spotty biscuit tin,3.71,1403,592
21219,set/4 badges balloon girl,1.29,270,104
21220,set/4 badges dogs,1.32,190,83
21221,set/4 badges cute creatures,1.27,149,61
21222,set/4 badges beetles,1.35,198,85
21223,set/4 badges woodland animal,1.24,88,36
21224,set/4 skull badges,1.25,541,211
21225,pocket mirror butterfly,1.25,2,2
21226,pocket mirror woodland,1.25,42,21
21228,"pocket mirror ""glamorous""",1.25,52,30
21231,sweetheart ceramic trinket box,1.25,3134,1198
21232,strawberry ceramic trinket box,1.24,5184,1935
21238,red spotty cup,0.85,1925,709
21239,pink  spotty cup,0.85,1480,556
21240,blue  spotty cup,0.84,1508,571
21241,green spotty cup,0.85,571,216
21242,red spotty plate,1.68,1360,520
21243,pink  spotty plate,1.68,1009,396
21244,blue  spotty plate,1.68,943,367
21245,green  spotty plate,1.69,645,258
21246,red spotty big bowl,4.94,313,137
21247,set of red salad servers,1.49,134,61
21248,door hanger  mum + dads room,1.4,270,132
21249,woodland  height chart stickers,2.91,482,189
21250,set of skull wall stickers,2.88,111,53
21251,dinosaur height chart sticker set,2.93,229,102
21252,set of meadow  flower stickers,2.74,35,16
21253,set of picture frame  stickers,2.87,96,51
21255,"french bottle , lavender",1.64,130,55
21256,"french bottle, brasserie des artist",1.64,85,35
21257,victorian sewing box medium,7.93,678,361
21258,victorian sewing box large,12.59,584,345
21259,victorian sewing box small,5.92,1071,554
21260,first aid tin,3.24,938,445
21261,green goose feather christmas tree,4.9,104,43
21262,white goose feather christmas tree,3.99,202,81
21263,green goose feather tree 60cm,2.31,95,45
21264,white goose feather tree 60cm,3.07,127,57
21265,pink goose feather tree 60cm,3.09,69,28
21267,vintage pink tinsel reel,2.1,9,4
21268,vintage blue tinsel reel,0.58,97,41
21269,antique cream cutlery shelf,8.5,96,58
21270,antique cream cutlery cupboard,12.75,37,28
21272,salle de bain hook,1.25,570,235
21274,embossed heart 3 drawer shelf,12.73,128,90
21275,zinc top  2 door wooden shelf,11.14,99,48
21276,two embossed heart mini drawers,3.88,73,28
21277,french style embossed heart cabinet,21.63,44,40
21278,vintage kitchen print puddings,2.48,156,70
21279,vintage kitchen print fruits,2.47,121,56
21280,vintage kitchen print vegetables,2.33,121,53
21281,vintage kitchen print seafood,2.32,80,37
21282,natural bark candle large,4.21,124,59
21283,natural bark candle small,3.18,159,69
21284,retro spot candle  small,1.31,260,95
21285,retro spot candle  medium,1.7,188,73
21286,retro spot candle  large,1.86,180,67
21287,scented velvet lounge candle,0.66,243,83
21288,stripey chocolate nesting boxes,2.79,294,130
21289,large stripes chocolate gift bag,1.16,171,60
21291,small spotty chocolate gift bag,0.84,364,126
21292,small stripes chocolate gift bag,0.72,243,82
21293,mirrored dove wall decoration,2.15,102,43
21294,etched glass coaster,0.88,321,118
21298,edwardian 2 drawer wall cabinet,19.38,26,14
21299,edwardian toilet roll unit,8.5,61,29
21300,antique edwardian dresser,16.13,23,11
21303,filigree wall mirror  antique white,12.55,46,26
21304,arched grey mirror,9.34,34,16
21306,set/4 daisy mirror magnets,1.03,116,57
21307,set/4 butterfly mirror magnets,1.71,110,54
21308,louvre vanity mirror,6.97,6,3
21309,louvre chalkboard,9.16,9,5
21310,capiz chandelier,29.95,5,3
21311,set/4 bird mirror magnets,1.13,156,76
21312,large chunky glass roman bowl,4.79,44,20
21313,glass heart t-light holder,0.83,737,260
21314,small glass heart trinket pot,2.09,1876,717
21316,small chunky glass roman  bowl,2.0,84,34
21317,glass sphere candle stand medium,5.31,134,66
21318,glass chalice blue small,1.24,201,78
21319,glass chalice green  small,1.52,125,48
21320,glass chalice green  large,2.22,92,37
21321,glass chalice blue  large,2.48,31,13
21322,glass sphere candle stand large,4.27,33,13
21323,hanging medina lantern large,4.17,104,54
21324,hanging medina lantern small,2.93,285,128
21326,aged glass silver t-light holder,0.64,1573,543
21327,skulls writing set,1.65,666,337
21328,balloons  writing set,1.67,760,380
21329,dinosaurs  writing set,1.66,735,375
21330,woodland animal  writing set,1.65,275,129
21331,moroccan beaten metal dish large,11.84,38,24
21332,moroccan beaten metal mirror,9.47,76,42
21333,classic white frame,2.94,433,197
21335,library lamp,21.54,30,22
21336,gold washbag,2.72,46,24
21337,silver washbag,2.95,16,9
21338,marakesh lantern small,5.79,24,12
21339,marakesh lantern large,19.26,19,13
21340,classic metal birdcage plant holder,12.11,683,384
21341,kasbah lantern with glass,4.62,28,15
21343,gold jewelery box,8.28,7,3
21344,moroccan beaten metal dish,7.91,47,24
21347,gothic carriage lantern,5.95,6,4
21348,pink spots chocolate nesting boxes,2.77,248,116
21349,ivy heart wreath,6.7,253,128
21350,gingham heart wreath,2.94,103,43
21351,cinammon & orange wreath,5.23,290,137
21352,eucalyptus & pinecone  wreath,4.17,203,83
21353,silver sleighbell  wreath,7.95,13,8
21354,toast its - best mum,1.22,435,170
21355,toast its - i love you,1.24,678,282
21356,toast its - fairy flower,1.23,392,182
21357,toast its - dinosaur,1.25,359,169
21358,toast its - happy birthday,1.25,346,158
21359,relax large wood letters,12.91,114,69
21360,joy large wood letters,9.24,135,92
21361,love large wood letters,12.71,362,252
21363,home small wood letters,4.95,576,337
21364,peace small wood letters,6.75,226,144
21365,mirrored wall art stars,1.58,140,62
21366,mirrored wall art photo frames,4.23,44,27
21367,mirrored wall art gents,1.74,72,45
21368,mirrored wall art ladies,1.22,67,39
21369,mirrored wall art splodges,1.99,38,17
21370,mirrored wall art foxy,5.33,24,16
21371,mirrored wall art poppies,1.28,97,41
21372,mirrored wall art table lamp,1.74,66,37
21373,mirrored wall art snowflakes,1.01,144,57
21374,mirrored wall art skulls,2.19,120,61
21375,large camphor wood field mushroom,4.8,56,29
21376,large  tall camphor wood toadstool,4.95,77,38
21377,small camphor wood field  mushroom,1.48,108,43
21378,small tall camphor wood toadstool,1.51,149,57
21379,camphor wood portobello mushroom,1.15,136,52
21380,wooden happy birthday garland,2.96,1287,545
21381,mini wooden happy birthday garland,1.69,890,387
21382,set/4 spring flower decoration,1.9,264,115
21383,pack of 12 sticky bunnies,0.65,482,195
21384,ivory hanging decoration  butterfly,0.85,310,115
21385,ivory hanging decoration  heart,0.85,1382,522
21386,ivory hanging decoration  egg,0.62,227,87
21387,ivory hanging decoration  rabbit,0.85,9,4
21388,ivory hanging decoration  chicken,0.85,75,27
21389,ivory hanging decoration  bird,0.85,526,201
21390,filigris heart with butterfly,1.25,1355,499
21391,french emroidr lavender scent heart,1.47,353,135
21392,red spotty pudding bowl,1.85,101,38
21393,blue  spotty pudding bowl,1.87,105,39
21394,red spotty beaker,0.65,378,132
21395,blue spotty beaker,0.73,278,100
21396,red spotty egg cup,1.24,167,59
21397,blue  spotty egg cup,0.97,320,116
21398,red  spotty coffee  mug,1.35,272,97
21399,blue  spotty  coffee mug,1.08,271,95
21400,red pudding spoon,0.22,178,63
21401,blue pudding spoon,0.25,238,92
21402,red  egg  spoon,0.25,272,103
21403,blue egg  spoon,0.23,294,108
21407,brown check cat doorstop,4.22,593,331
21408,spotty pink duck doorstop,4.14,249,139
21409,spotty cockerel doorstop,4.25,1,1
21410,country cottage  doorstop green,4.23,165,101
21411,gingham heart  doorstop red,4.09,948,512
21412,vintage gold tinsel reel,0.59,107,49
21413,periwinkle t-light holder,1.22,71,34
21414,scallop shell soap dish,2.02,48,21
21415,clam shell small,2.02,127,56
21416,clam shell large,3.58,24,18
21417,cockle shell dish,1.92,139,58
21418,starfish soap dish,2.35,81,36
21419,conch shell,3.43,25,13
21420,oyster trinket box,3.04,44,26
21421,porcelain rose large,1.24,259,91
21422,porcelain rose small,0.87,304,108
21424,woodland storage box large,2.77,159,61
21425,skulls storage box large,2.88,115,58
21426,woodland storage box small,1.91,139,53
21427,skulls storage box small,2.05,149,74
21428,set3 book box green gingham flower,4.19,674,364
21429,red gingham rose jewellery box,1.71,1876,781
21430,set/3 red gingham rose storage box,3.71,1181,581
21431,green gingham flower jewellery box,1.65,509,226
21432,set of 3 cases woodland design,5.9,434,229
21437,24 hanging easter eggs floral tub,3.73,193,103
21438,tub 24 hanging easter eggs spotty,3.73,64,34
21439,basket of toadstools,1.25,395,165
21440,12 mini toadstool pegs,1.25,178,89
21441,blue birdhouse decoration,0.79,207,84
21442,green birdhouse decoration,0.77,203,80
21443,olive chalet birdfeeder,3.69,34,20
21444,blue chalet birdfeeder,3.69,36,20
21445,12 pink rose peg place settings,1.25,243,115
21446,12 red rose peg place settings,1.25,394,190
21447,12 ivory rose peg place settings,1.25,527,233
21448,12 daisy pegs in wood box,1.65,363,181
21450,distressed candle stick white,5.95,6,3
21452,toadstool money box,2.94,782,338
21454,painted pink rabbit,0.85,210,88
21455,painted yellow wooden daisy,0.85,165,67
21456,2 picture book eggs easter chicks,1.24,133,52
21457,2 picture book eggs easter ducks,1.24,118,48
21458,2 picture book eggs easter bunny,1.24,144,57
21459,yellow easter egg hunt start post,1.94,87,37
21460,green easter egg hunt start post,1.95,43,20
21461,blue easter egg hunt start post,1.95,36,19
21462,"nursery a,b,c painted letters",6.38,271,157
21463,mirrored disco ball,5.79,532,280
21464,disco ball rotator battery operated,4.25,374,214
21465,pink flower crochet food cover,3.77,307,157
21466,red flower crochet food cover,3.8,460,241
21467,cherry crochet food cover,3.73,390,214
21468,butterfly crochet food cover,3.8,228,121
21469,polka dot raffia food cover,3.68,372,176
21470,flower vine raffia food cover,3.78,532,269
21471,strawberry raffia food cover,3.73,490,229
21472,ladybird + bee raffia food cover,3.74,486,237
21473,sweetheart cream steel table rect,19.95,131,86
21474,sweetheart cream steel foldin bench,19.95,165,92
21475,sweetheart cream steel foldin chair,14.95,1,1
21476,steel sweetheart round table cream,14.88,110,74
21477,string of 20 rose lights,12.46,63,37
21478,silver skull hot water bottle,3.75,112,77
21479,white skull hot water bottle,3.88,1493,754
21480,pink stripe hot water bottle,2.92,84,39
21481,fawn blue hot water bottle,3.12,1933,840
21482,mushroom blue hot water bottle,2.94,284,137
21484,chick grey hot water bottle,3.62,1401,685
21485,red spot heart hot water bottle,4.92,2590,1242
21486,pink heart dots hot water bottle,3.63,313,170
21488,red white scarf  hot water bottle,3.9,609,306
21489,blue white scarf hot water bottle,3.95,10,6
21490,set of three 50's gift wraps,1.91,91,38
21491,set of three vintage gift wraps,1.93,553,224
21493,vintage design gift tags,0.85,60,23
21494,rotating leaves t-light holder,1.47,600,247
21495,skulls wrap,0.42,1125,375
21496,woodland creatures  wrap,0.42,3,1
21497,fancy fonts birthday wrap,0.42,1448,483
21498,red spots  wrap,0.42,2396,799
21499,blue spots  wrap,0.42,1371,457
21500,pink spots  wrap,0.42,1467,489
21503,toybox  wrap,0.42,190,64
21504,skulls greeting card,0.41,851,285
21506,"fancy font birthday card,",0.42,1636,546
21507,"elephant, birthday card,",0.42,1399,471
21508,vintage kid dolly card,0.42,1218,409
21509,cowboys and indians birthday card,0.42,1481,499
21511,vintage collage  greeting  card,0.42,6,2
21518,bank account  greeting  card,0.42,208,70
21519,gin & tonic diet greeting card,0.41,1307,437
21520,booze & women greeting card,0.42,200,68
21523,fancy font home sweet home doormat,7.44,1810,893
21524,spotty  home sweet home doormat,7.54,1961,1002
21525,beware of the cat doormat,6.75,2,2
21527,retro spot traditional teapot,7.84,1415,737
21528,dairy maid traditional teapot,6.87,378,215
21529,retro spot ceramic toastrack,3.42,236,115
21530,dairy maid ceramic toastrack,1.76,286,133
21531,retro spot sugar jam bowl,2.52,1427,619
21532,dairy maid sugar jam bowl,2.08,149,78
21533,retro spot large milk jug,4.89,1656,853
21534,dairy maid large milk jug,4.91,520,298
21535,retro spot small milk jug,2.54,2340,978
21536,dairy maid  small  milk jug,2.1,125,57
21537,retro spots pudding bowl,4.24,443,233
21538,dairy maid  pudding bowl,3.69,68,44
21539,retro spots butter dish,4.9,1166,593
21540,dairy maid ceramic butter dish,4.19,120,73
21541,dinosaurs water transfer tattoos,0.85,394,149
21542,woodland water transfer tattoos,0.85,386,146
21543,butterfly water transfer tattoos,0.83,31,13
21544,skulls  water transfer tattoos,0.84,997,371
21545,ceramic birdhouse butterfly small,2.89,129,65
21547,ceramic birdhouse crested tit small,2.92,194,92
21548,ceramic birdhouse finch blue roof,2.92,155,78
21549,ceramic birdhouse red roof small,2.9,95,45
21550,ceramic birdhouse crested tit large,5.89,100,59
21551,ceramic birdhouse butterfly large,5.82,36,19
21552,ceramic birdhouse black rose  large,5.86,55,33
21553,ceramic birdhouse finch blue  large,5.88,42,27
21554,ceramic birdhouse red roof large,5.82,31,19
21555,ceramic strawberry trinket tray,2.54,123,51
21556,ceramic strawberry money box,2.54,389,177
21557,set of 6 funky beakers,3.04,277,135
21558,skull lunchbox with cutlery,2.53,1204,537
21559,strawberry lunchbox with cutlery,2.54,2266,967
21561,dinosaur lunchbox with cutlery,2.55,986,444
21562,hawaiian grass skirt,1.56,150,64
21563,red heart shape love bucket,2.85,700,305
21564,pink  heart shape love bucket,2.86,552,255
21576,lets go shopping cotton tote bag,2.27,323,145
21577,save the planet cotton tote bag,2.23,810,332
21578,woodland design  cotton tote bag,2.24,707,280
21579,lolita  design  cotton tote bag,2.14,216,92
21580,rabbit  design  cotton tote bag,2.23,189,89
21581,skulls  design  cotton tote bag,2.15,277,129
21582,kings choice small tube matches,1.65,36,17
21584,retro spot small tube matches,1.65,799,364
21585,swallow small tube matches,1.65,1,1
21586,kings choice giant tube matches,2.51,539,242
21587,cosy hour giant tube matches,2.54,613,266
21588,retro spot giant  tube matches,2.52,628,289
21589,swallow giant tube matches,2.5,207,87
21590,kings choice cigar box matches,1.25,645,289
21591,cosy hour cigar box matches,1.25,801,369
21592,retro spot  cigar box matches,1.19,998,477
21593,swallow cigar box matches,1.25,211,95
21609,set 12 lavender  botanical t-lights,2.92,454,208
21610,set 12 pear botanical t-lights,2.92,189,88
21611,set of 12 lily botanical t-lights,2.94,297,137
21612,set 12 wildflower botanical t-light,2.93,235,98
21613,s/12 vanilla  botanical t-lights,2.94,294,138
21614,set of 12 rose botanical t-lights,2.93,427,181
21615,4 lavender botanical dinner candles,2.18,303,137
21616,4 pear botanical dinner candles,2.35,343,160
21617,4 lily  botanical dinner candles,2.95,303,145
21618,4 wildflower botanical candles,2.78,219,105
21619,4 vanilla botanical candles,2.21,356,169
21620,s/4 rose    botanical  candle,2.38,396,184
21621,vintage union jack bunting,8.5,2345,1135
21622,vintage union jack cushion cover,4.95,1182,556
21623,vintage union jack memoboard,9.77,887,499
21624,vintage union jack doorstop,5.93,630,352
21625,vintage union jack apron,6.96,439,247
21626,vintage union jack pennant,1.95,407,161
21627,elephant carnival pouffe,14.83,79,54
21628,triangular pouffe vintage,14.78,62,40
21629,square floor cushion vintage pink,7.91,81,49
21630,floor cushion elephant carnival,8.89,78,47
21631,hippy chic decorative parasol,10.65,78,42
21632,vintage pink decorative parasol,11.38,51,32
21633,sunflower decorative parasol,11.71,57,34
21634,assorted mini madras notebook,0.93,143,49
21635,madras notebook large,3.06,92,40
21636,madras notebook medium,1.15,230,91
21637,assorted sanskrit mini notebook,1.25,133,45
21638,assorted tutti frutti notebook,2.1,304,121
21639,assorted tutti frutti keyring,0.85,36,13
21640,assorted tutti frutti  fob notebook,0.85,348,144
21641,assorted tutti frutti keyring ball,0.67,127,48
21642,assorted tutti frutti pen,0.62,505,194
21643,assorted tutti frutti mirror,1.24,277,103
21644,assorted tutti frutti heart box,1.25,298,122
21645,assorted tutti frutti round box,1.65,274,116
21647,assorted tutti frutti large purse,2.1,253,113
21648,assorted tutti frutti small purse,1.24,311,122
21649,assorted tutti frutti photo frame,2.92,67,23
21650,assorted tutti frutti bracelet,0.4,291,111
21651,hanging glass etched tealight,1.64,295,108
21652,glass etched t-light holder medium,1.93,206,73
21653,glass etched t-light holder large,2.08,270,104
21654,ridged glass finger bowl,0.84,167,63
21655,hanging ridge glass t-light holder,1.65,193,70
21656,ridged glass posy vase,1.43,231,83
21657,milk bottle with glass stopper,6.92,149,92
21658,glass  beurre dish,3.91,734,352
21659,glass cake stand,14.87,83,56
21661,vintage glass tea caddy,5.92,136,79
21662,vintage glass coffee caddy,5.93,134,79
21663,vintage glass sugar caddy,5.93,43,25
21664,ridged glass storage jar cream lid,3.74,98,55
21665,triangular ridged glass posy holder,0.64,124,43
21666,ridged glass t-light holder,0.64,201,69
21667,glass cake cover and plate,16.6,237,141
21668,red stripe ceramic drawer knob,1.28,1738,621
21669,blue stripe ceramic drawer knob,1.29,1836,652
21670,blue spot ceramic drawer knob,1.27,1632,585
21671,red spot ceramic drawer knob,1.26,1607,571
21672,white spot red ceramic drawer knob,1.27,1773,635
21673,white spot blue ceramic drawer knob,1.27,1610,567
21674,ridged glass pendant lampshade,16.51,20,9
21675,butterflies stickers,0.88,463,161
21676,flowers  stickers,0.88,272,98
21677,hearts  stickers,0.88,563,197
21678,paisley pattern  stickers,0.82,131,46
21679,skulls  stickers,0.85,765,269
21680,woodland  stickers,0.85,434,150
21681,giant medina stamped metal bowl,9.89,130,75
21682,large medina stamped metal bowl,4.98,264,141
21683,medium medina stamped metal bowl,2.94,330,133
21684,small medina stamped metal bowl,0.86,224,89
21685,medina stamped metal tray,14.95,3,2
21686,medina stamped metal stool,39.09,44,29
21687,silver plate candle bowl large,3.73,170,83
21688,silver plate candle bowl small,2.95,312,108
21689,silver vanilla  flower candle pot,3.73,114,57
21690,silver  candlepot jardin,3.74,141,81
21691,silver vanilla flower candle pot,3.75,140,73
21692,silver lattice vanilla candle pot,3.74,228,113
21693,small hammered silver candlepot,2.95,286,99
21694,small regal  silver candlepot,2.94,170,61
21695,small silver flower candle pot,2.93,216,75
21696,small silver trellis candlepot,2.95,274,95
21697,set 5 mini doughnut fridge magnet,1.49,21,7
21698,mock lobster fridge magnet,0.68,107,48
21699,set 5 mini chocolate fridge magnets,1.23,9,3
21700,big doughnut fridge magnets,0.85,939,328
21702,set 5 mini gateaux  fridge magnets,1.34,24,8
21703,bag 125g swirly marbles,0.42,1274,466
21704,bag 250g swirly marbles,0.85,1246,470
21705,bag 500g swirly marbles,1.56,433,186
21706,"folding umbrella , red/white spot",4.78,356,184
21707,"folding umbrella , black/blue  spot",4.88,242,132
21708,folding umbrella  cream/multi  spot,4.7,176,90
21709,folding umbrella  choc/white  spot,4.84,142,79
21710,folding umbrella  pink/white  spot,4.62,162,88
21711,folding umbrella  white/red  spot,4.7,98,54
21713,citronella candle flowerpot,2.05,727,330
21714,citronella candle garden pot,1.24,888,324
21715,girls vintage tin seaside bucket,2.52,818,321
21716,boys vintage tin seaside bucket,2.52,806,309
21717,easter tin bucket,2.51,370,143
21718,red metal beach spade,1.25,770,311
21719,lovely bonbon sticker sheet,0.85,223,94
21720,cake shop  sticker sheet,0.85,231,87
21721,candy shop  sticker sheet,0.85,236,91
21722,sweet pudding sticker sheet,0.85,85,40
21723,alphabet hearts sticker sheet,0.85,219,94
21724,panda and bunnies sticker sheet,0.85,290,127
21725,sweeties  stickers,0.85,267,110
21726,multi hearts  stickers,0.85,302,130
21728,metal medina lantern,12.39,58,36
21729,small marakesh metal  lantern,3.23,50,24
21730,glass star frosted t-light holder,4.92,527,262
21731,red toadstool led night light,1.65,2869,1060
21732,red hanging metal star tlight hldr,3.68,125,58
21733,red hanging heart t-light holder,2.92,4097,1660
21734,small marakesh lantern on stick,3.75,30,15
21735,two door curio cabinet,12.56,368,202
21736,gold scroll glass t-light holder,2.03,62,23
21737,set 3 wicker log baskets,19.73,225,163
21738,cosy slipper shoes small  red,2.94,207,108
21739,cosy slipper shoes small green,2.91,202,101
21740,cosy slipper shoes large red,2.95,93,49
21741,cosy slipper shoes large green,2.94,282,134
21742,large round wicker platter,5.95,322,191
21743,star portable table light,2.92,330,142
21744,snowflake portable table light,3.08,341,158
21745,gaolers keys decorative garden,3.74,908,466
21746,small red spot  windmill,1.25,1035,389
21747,small skull windmill,1.24,317,129
21749,large red spot windmill,2.07,538,215
21750,large skull windmill,2.1,115,51
21752,glass cake stand mirrored base,14.8,45,30
21754,home building block word,5.96,3757,1852
21755,love building block word,5.97,2938,1506
21756,bath building block word,5.99,969,522
21757,lighthouse printed metal sign,4.95,55,32
21758,vintage shells print,6.44,79,45
21759,metal wall shelf unit with hooks,45.47,14,11
21760,french style wall dresser,116.92,15,13
21761,wood and glass medicine cabinet,29.58,30,24
21763,vintage wooden bar stool,27.95,27,17
21764,vintage wooden plate rack,39.5,15,11
21765,hanging metal bird bath,7.9,218,121
21767,french style wire door cabinet,29.95,1,1
21768,wall mounted vintage organiser,14.72,177,124
21769,vintage post office cabinet,77.63,61,48
21770,open closed metal sign,4.94,1021,581
21772,vintage metal cake stand cream,12.75,1,1
21773,decorative rose bathroom bottle,1.15,251,107
21774,decorative cats bathroom bottle,1.2,238,109
21775,decorative flore bathroom bottle,1.24,172,80
21777,recipe box with metal heart,7.91,591,313
21779,ma campagne mini wooden chest,4.61,60,22
21780,ma campagne 4 drawer wall shelf,8.41,44,17
21781,ma campagne cutlery box,14.87,445,318
21784,shoe shine box,9.94,200,135
21785,rain poncho,0.83,190,79
21786,rain hat with red spots,0.43,582,226
21787,rain poncho with red spots,0.85,928,357
21788,kids rain mac blue,0.85,438,181
21789,kids rain mac pink,0.85,430,180
21790,vintage snap cards,0.85,3985,1504
21791,vintage heads and tails card game,1.26,2717,1067
21792,classic french style basket green,5.6,254,132
21793,classic french style basket brown,5.0,177,94
21794,classic french style basket natural,5.3,309,152
21795,set of 3 blue stripe basket,12.67,103,76
21796,set of 3 red stripe baskets,12.66,89,66
21801,christmas tree decoration with bell,0.42,218,81
21802,christmas tree heart decoration,0.42,269,101
21803,christmas tree star decoration,0.42,270,102
21804,white christmas garland stars trees,3.74,237,111
21805,white christmas tree decoration,0.42,232,84
21806,white christmas heart decoration,0.42,294,108
21807,white christmas star decoration,0.42,366,138
21808,"christmas garland stars,trees",3.38,190,81
21809,christmas hanging tree with bell,0.95,388,153
21810,christmas hanging star with bell,0.76,677,257
21811,christmas hanging heart with bell,0.9,720,286
21812,garland with hearts and bells,4.93,283,125
21813,garland with stars and bells,4.93,210,89
21814,heart t-light holder,1.45,187,75
21815,star  t-light holder,1.45,166,65
21816,christmas tree t-light holder,1.45,107,42
21817,glitter christmas tree,0.69,328,126
21818,glitter christmas heart,0.66,732,286
21819,glitter christmas star,0.66,634,240
21820,glitter heart garland with bells,3.76,299,138
21821,glitter star garland with bells,3.74,259,109
21822,glitter christmas tree with bells,1.38,261,101
21823,painted metal heart with holly bell,1.15,439,179
21824,painted metal star with holly bells,1.06,426,168
21825,painted metal tree with holly bells,1.45,168,72
21826,eight piece dinosaur set,1.25,447,197
21827,eight piece creepy crawlie set,1.25,252,128
21828,eight piece snake  set,1.25,303,149
21829,dinosaur keyrings assorted,0.21,895,302
21830,assorted creepy crawlies,0.43,670,227
21832,chocolate calculator,1.68,664,286
21833,camouflage led torch,1.68,984,338
21836,gingham oven glove red heart,3.75,149,81
21837,cross stitch alphabet cushion cover,5.95,135,70
21838,daddy mouse red gingham bow tie,5.45,1,1
21839,mummy mouse red gingham ribbon,5.43,133,81
21841,baby mouse red gingham dress,4.23,239,125
21842,pink heart candy button calculator,2.5,100,38
21843,retro spot cake stand,10.87,2289,1280
21844,retro spot mug,2.9,1203,424
21845,dairy maid stripe mug,1.89,404,144
21846,pink diamante pen in gift box,4.23,164,88
21847,green  diamante pen in gift box,4.15,43,23
21849,silver diamante pen in gift box,4.33,106,61
21850,blue  diamante pen in gift box,4.25,69,43
21851,lilac diamante pen in gift box,4.6,76,46
21852,empire teddy,6.95,1,1
21864,union jack flag passport cover,2.08,538,265
21865,pink union jack  passport cover,2.1,411,209
21866,union jack flag luggage tag,1.27,605,300
21867,pink union jack  luggage tag,1.26,402,212
21868,potting shed tea mug,1.27,1923,725
21869,potting shed coffee mug,1.21,264,104
21870,i can only please one person mug,1.24,1433,543
21871,save the planet mug,1.3,1592,607
21872,glamorous  mug,1.28,615,287
21873,if you can't stand the heat mug,1.26,319,150
21874,gin and tonic mug,1.28,1146,455
21875,kings choice mug,1.28,799,328
21876,pottering mug,1.31,1002,404
21877,home sweet home mug,1.31,1679,652
21878,pack of 6 sandcastle flags assorted,0.85,748,295
21879,hearts gift tape,0.53,236,94
21880,red and white spot tape,0.58,387,147
21881,cute cats tape,0.6,168,65
21882,skulls tape,0.58,177,72
21883,stars gift tape,0.6,432,165
21884,cakes and bows gift  tape,0.55,175,68
21888,bingo set,3.78,1205,628
21889,wooden box of dominoes,1.26,2242,888
21890,s/6 wooden skittles in cotton bag,3.06,974,418
21891,traditional wooden skipping rope,1.32,1685,687
21892,traditional wooden catch cup game,1.27,1531,622
21893,potting shed seed tin,4.14,26,13
21894,potting shed seed envelopes,1.28,336,153
21895,potting shed sow 'n' grow set,4.2,127,70
21896,potting shed twine,2.09,516,229
21897,potting shed candle citronella,2.94,219,102
21898,potting shed rose candle,2.95,184,92
21899,"key fob , garage design",0.66,1220,532
21900,"key fob , shed",0.66,1540,668
21901,"key fob , back door",0.66,1323,594
21902,"key fob , front  door",0.66,971,424
21903,man flu metal sign,2.15,747,346
21904,house wrecking metal sign,2.04,238,131
21905,more butter metal sign,1.62,377,195
21906,pharmacie first aid tin,6.72,580,313
21907,i'm on holiday metal sign,2.1,1541,700
21908,chocolate this way metal sign,2.11,1815,809
21910,way out metal sign,1.64,196,100
21911,garden metal sign,1.65,587,256
21912,vintage snakes & ladders,3.79,1192,617
21913,vintage seaside jigsaw puzzles,3.77,378,205
21914,blue harmonica in box,1.27,2172,828
21915,red  harmonica in box,1.25,2459,890
21916,set 12 retro white chalk sticks,0.42,1324,549
21917,set 12 kids  white chalk sticks,0.42,953,385
21918,set 12 kids colour  chalk sticks,0.42,1524,592
21922,union stripe with fringe  hammock,7.9,639,331
21923,red/cream stripe fringe hammock,7.88,192,108
21924,blue/cream stripe fringe hammock,7.87,195,113
21925,union stripe cushion cover,1.25,371,156
21926,red/cream stripe cushion cover,1.25,321,136
21927,blue/cream stripe cushion cover,1.25,412,172
21928,jumbo bag scandinavian paisley,1.97,2973,1180
21929,jumbo bag pink vintage paisley,1.98,3096,1236
21930,jumbo storage bag skulls,1.98,2444,1011
21931,jumbo storage bag suki,1.97,4330,1728
21932,scandinavian paisley picnic bag,2.22,1134,498
21933,pink vintage paisley picnic bag,2.25,1110,476
21934,skull shoulder bag,1.63,812,346
21935,suki  shoulder bag,1.63,1095,453
21936,red/white spot picnic bag,2.94,2009,789
21937,strawberry   picnic bag,2.93,1195,503
21942,skulls design flannel,0.81,145,64
21943,cakes and rabbits design flannel,0.84,102,41
21944,kittens design flannel,0.78,171,76
21945,strawberries  design flannel,0.81,179,75
21946,party time design flannel,0.78,72,30
21947,set of 6 heart chopsticks,1.3,388,174
21948,set of 6 cake chopsticks,1.32,253,115
21949,set of 6 strawberry chopsticks,1.27,303,135
21950,set of 6 dots chopsticks,1.16,6,2
21955,union jack guns & roses  doormat,7.28,1080,580
21967,pack of 12 skull tissues,0.31,998,376
21972,set of 36 dinosaur paper doilies,1.45,296,133
21973,set of 36 mushroom paper doilies,1.44,358,161
21974,set of 36 paisley flower doilies,1.47,1399,558
21975,pack of 60 dinosaur cake cases,0.55,2809,1159
21976,pack of 60 mushroom cake cases,0.55,1669,726
21977,pack of 60 pink paisley cake cases,0.54,4102,1603
21980,pack of 12 red spotty tissues,0.31,1595,572
21981,pack of 12 woodland tissues,0.31,1045,397
21982,pack of 12 suki tissues,0.32,1422,535
21983,pack of 12 blue paisley tissues,0.32,691,265
21984,pack of 12 pink paisley tissues,0.32,933,357
21985,pack of 12 hearts design tissues,0.31,2056,747
21986,pack of 12 pink spot tissues,0.31,1019,380
21987,pack of 6 skull paper cups,0.65,917,355
21988,pack of 6 skull paper plates,0.84,927,358
21989,pack of 20 skull paper napkins,0.84,1135,475
21990,modern floral stationery set,1.81,502,236
21991,bohemian collage stationery set,1.8,286,139
21992,vintage paisley stationery set,1.93,666,314
21993,floral folk stationery set,1.83,613,285
22021,blue felt easter egg basket,1.64,493,213
22023,empire birthday card,0.41,931,312
22024,rainy ladies birthday card,0.42,869,292
22025,ring of roses birthday card,0.42,610,204
22026,banquet birthday  card,0.41,782,261
22027,tea party birthday card,0.42,1899,637
22028,penny farthing birthday card,0.42,1090,366
22029,space boy birthday card,0.42,2577,864
22030,swallows greeting card,0.42,1823,609
22031,botanical lavender birthday card,0.44,237,80
22032,botanical lily greeting card,0.42,219,74
22033,botanical rose greeting card,0.42,321,107
22034,robin christmas card,0.42,248,83
22035,vintage caravan greeting card,0.42,725,244
22036,dinosaur birthday card,0.42,330,110
22037,robot birthday card,0.42,1421,475
22038,botanical lavender gift wrap,0.42,135,45
22039,botanical lily gift wrap,0.41,90,30
22040,botanical rose gift wrap,0.42,282,94
22041,"record frame 7"" single size",2.45,850,323
22042,christmas card singing angel,0.39,291,97
22043,christmas card screen print,0.3,279,93
22044,christmas card stack of presents,0.31,253,85
22045,space boy gift wrap,0.42,1406,469
22046,tea party  wrapping paper,0.42,621,207
22047,empire gift wrap,0.42,780,260
22048,birthday banquet gift wrap,0.42,306,102
22049,wrap christmas screen print,0.29,339,113
22050,pink paisley rose gift wrap,0.42,345,115
22051,blue scandinavian paisley wrap,0.42,348,116
22052,vintage caravan gift wrap,0.42,372,124
22053,empire design rosette,1.24,165,66
22054,mini cake stand hanging hearts,1.64,132,55
22055,mini cake stand  hanging strawbery,1.58,1204,499
22056,ceramic plate love heart design,1.43,60,25
22057,ceramic plate strawberry design,1.39,438,173
22058,ceramic love hearts design mug,1.49,203,99
22059,ceramic strwberry design mug,1.41,954,384
22060,large cake stand hanging hearts,8.69,286,146
22061,large cake stand  hanging strawbery,9.55,838,444
22062,ceramic bowl with love heart design,1.92,204,99
22063,ceramic bowl with strawberry design,2.85,590,267
22064,pink doughnut trinket pot,1.63,1233,492
22065,christmas pudding trinket pot,1.03,912,347
22066,love heart trinket pot,1.01,641,260
22067,choc truffle gold trinket pot,1.6,443,182
22068,black pirate treasure chest,1.54,381,181
22069,brown  pirate treasure chest,1.55,214,91
22070,small retro spot mug in box  red,3.79,610,279
22071,small retro spot mug in box  white,3.71,519,240
22072,tea cup and saucer retro spot,3.64,862,416
22073,retro spot storage jar,3.72,765,373
22074,6 ribbons shimmering pinks,1.39,357,156
22075,6 ribbons elegant christmas,1.59,601,261
22076,6 ribbons empire,1.55,569,243
22077,6 ribbons rustic charm,1.72,3562,1390
22078,ribbon reel lace design,2.09,975,392
22079,ribbon reel hearts design,1.67,1433,548
22080,ribbon reel spots design,1.65,1146,443
22081,ribbon reel flora + fauna,1.69,540,214
22082,ribbon reel stripes design,1.66,2173,838
22083,paper chain kit retro spot,2.92,2777,1082
22084,paper chain kit empire,2.91,1793,713
22085,paper chain kit skulls,2.92,444,193
22086,paper chain kit 50's christmas,2.92,4356,1737
22087,paper bunting white lace,2.89,1736,678
22088,paper bunting coloured lace,2.9,1179,485
22089,paper bunting vintage paisley,2.93,1035,430
22090,paper bunting retro spots,2.91,3290,1278
22091,empire tissue box,0.86,536,242
22092,blue paisley tissue box,0.75,252,133
22093,motoring tissue box,0.79,497,250
22094,red polka dot tissue box,0.79,501,235
22095,lads only tissue box,0.89,384,196
22096,pink paisley square tissue box,0.75,298,168
22097,swallow square tissue box,0.78,408,219
22098,boudoir square tissue box,0.87,515,240
22099,caravan square tissue box,0.87,439,223
22100,skulls square tissue box,0.97,149,82
22101,mirror mosaic votive holder,1.94,135,50
22102,mirror mosaic t-light holder,1.57,112,41
22103,mirror mosaic t-light holder round,1.57,136,50
22104,mirror mosaic candle plate,1.32,106,41
22105,mirror mosaic goblet candle holder,3.88,58,27
22106,mirror mosaic hurricane lamp,5.8,76,36
22107,pizza plate in box,3.66,369,189
22108,ping! microwave plate,3.15,92,49
22109,full english breakfast plate,3.75,829,395
22110,bird house hot water bottle,2.7,675,334
22111,scottie dog hot water bottle,4.89,3093,1473
22112,chocolate hot water bottle,4.88,3157,1462
22113,grey heart hot water bottle,3.87,2020,942
22114,hot water bottle tea and sympathy,4.02,2741,1309
22115,metal sign empire tea,2.18,785,353
22116,metal sign his dinner is served,1.68,252,127
22117,metal sign her dinner is served,2.88,367,196
22118,joy wooden block letters,4.73,403,248
22119,peace wooden block letters,6.7,565,337
22120,welcome  wooden block letters,9.86,567,316
22121,noel wooden block letters,5.97,714,392
22122,set of 2 fancy font tea towels,2.95,346,161
22123,ping microwave apron,2.8,193,92
22124,set of 2 tea towels ping microwave,2.55,75,39
22125,union jack hot water bottle,5.93,308,163
22127,party cones carnival assorted,1.24,448,150
22128,party cones candy assorted,1.24,558,188
22129,party cones candy tree decoration,0.88,317,107
22130,party cone christmas decoration,0.85,1087,366
22131,food container set 3 love heart,1.97,1135,514
22132,red love heart shape cup,0.85,606,239
22133,pink love heart shape cup,0.86,442,172
22134,ladle love heart red,0.44,311,127
22135,ladle love heart pink,0.44,252,103
22136,love heart sock hanger,1.64,444,196
22137,bathroom set love heart design,2.91,70,31
22138,baking set 9 piece retrospot,4.95,3670,1751
22139,retro spot tea set ceramic 11 pc,4.95,3944,1848
22141,christmas craft tree top angel,2.14,1054,444
22142,christmas craft white fairy,1.48,1051,441
22143,christmas craft heart decorations,2.09,114,54
22144,christmas craft little friends,2.14,1335,546
22145,christmas craft heart stocking,2.09,427,173
22146,easter craft ivy wreath with chick,1.91,240,101
22147,feltcraft butterfly hearts,1.45,2579,1065
22148,easter craft 4 chicks,1.92,612,249
22149,feltcraft 6 flower friends,2.09,3123,1213
22150,3 stripey mice feltcraft,1.95,2031,848
22151,place setting white heart,0.42,1889,665
22152,place setting white star,0.42,626,227
22153,angel decoration stars on dress,0.42,533,201
22154,angel decoration 3 buttons,0.42,638,239
22155,star decoration rustic,0.42,620,236
22156,heart decoration with pearls,0.86,1092,427
22157,angel decoration with lace padded,0.85,304,116
22158,3 hearts hanging decoration rustic,2.95,1655,656
22161,heart decoration rustic hanging,0.35,622,238
22162,heart garland rustic padded,2.95,304,138
22163,heart string memo holder hanging,2.22,256,109
22164,string of stars card holder,2.91,107,42
22165,"diamante heart shaped wall mirror,",11.12,213,128
22166,"wall mirror , rect diamante, pink/",7.41,69,41
22167,"wall mirror , diamante oval shape",9.54,271,167
22168,"organiser wood, antique white",8.48,487,304
22169,family album white picture frame,8.37,1144,570
22170,picture frame wood triple portrait,6.69,990,510
22171,3 hook photo shelf antique white,8.38,1029,544
22172,metal shelf with rail,8.47,278,157
22173,metal 4 hook hanger french chateau,2.99,1629,720
22174,photo cube,1.69,737,310
22175,pink owl soft toy,2.94,660,298
22176,blue owl soft toy,2.94,490,219
22177,5 hook blackboard organiser,9.88,153,102
22178,victorian glass hanging t-light,1.35,4287,1467
22179,set 10 lights night owl,6.71,811,404
22180,retro spot lamp,9.9,609,358
22181,snowstorm photo frame fridge magnet,0.85,271,106
22182,cake stand victorian filigree small,4.5,127,65
22183,cake stand victorian filigree med,6.28,117,63
22184,cake stand victorian filigree large,7.59,143,71
22185,slate tile natural hanging,1.62,956,379
22186,red star card holder,2.68,681,285
22187,green christmas tree card holder,3.38,653,292
22188,black heart card holder,3.84,995,488
22189,cream heart card holder,3.88,2510,1134
22190,local cafe mug,1.96,256,125
22191,eau de nil diner wall clock,8.46,1053,595
22192,blue diner wall clock,8.46,930,512
22193,red diner wall clock,8.48,1018,555
22194,black diner wall clock,8.46,250,142
22195,heart measuring spoons large,1.68,1203,531
22196,small heart measuring spoons,0.86,1382,587
22197,"popcorn holder , small",0.84,4945,1793
22198,"popcorn holder , large",1.64,1200,483
22199,frying pan red polkadot,4.07,504,274
22200,frying pan pink polkadot,4.11,424,231
22201,frying pan blue polkadot,4.07,165,106
22202,milk pan pink retrospot,3.72,289,157
22203,milk pan red retrospot,3.68,479,271
22204,milk pan blue retrospot,3.62,163,98
22207,frying pan union flag,4.28,642,324
22208,wood stamp set thank you,1.22,672,319
22209,wood stamp set happy birthday,1.24,412,195
22210,wood stamp set best wishes,1.22,466,234
22211,wood stamp set flowers,1.23,444,208
22212,four hook  white lovebirds,2.1,1423,619
22214,candle plate lace white,2.46,128,52
22215,cake stand white two tier lace,8.15,622,319
22216,t-light holder white lace,0.8,159,62
22217,t-light holder hanging lace,1.15,459,174
22218,cake stand lace white,4.19,364,183
22219,lovebird hanging decoration white,0.85,1931,747
22220,cake stand lovebird 2 tier white,9.42,457,244
22221,cake stand lovebird 2 tier pink,9.55,262,139
22222,cake plate lovebird white,4.62,538,297
22223,cake plate lovebird pink,4.63,241,127
22224,white lovebird lantern,2.92,813,307
22227,"decoration, hanging heart+mirror",0.66,1023,401
22228,bunny wooden painted with bird,0.77,428,178
22229,bunny wooden painted with flower,0.75,269,118
22230,jigsaw tree with watering can,0.69,290,126
22231,jigsaw tree with birdhouse,1.2,507,224
22232,3 piece jigsaw toadstools,1.25,280,114
22233,jigsaw rabbit and birdhouse,1.27,278,130
22236,cake stand 3 tier magic garden,12.61,635,391
22241,"garland , wooden  "" happy easter""",1.25,852,339
22242,"hook, 5 hanger , magic toadstool",1.64,759,308
22243,"hook, 5 hanger ,magic toadstool red",1.63,788,328
22244,"hook, 3 hanger ,magic garden",1.93,702,282
22245,"hook, 1 hanger ,magic garden",0.84,742,278
22246,"garland, magic garden 1.8m",2.03,250,106
22247,bunny decoration magic garden,0.84,248,107
22248,decoration  pink chick magic garden,0.85,215,91
22249,decoration white chick magic garden,0.84,348,147
22250,decoration  butterfly  magic garden,0.84,272,115
22251,birdhouse decoration magic garden,1.23,443,187
22252,birdcage decoration magic garden,1.29,283,115
22253,6 crochet strawberries,1.24,172,72
22254,felt toadstool large,1.25,296,114
22255,felt toadstool  small,0.85,232,90
22256,felt farm animal chicken,1.24,218,86
22257,felt farm animal sheep,1.19,59,27
22258,felt farm animal rabbit,1.19,185,73
22259,felt farm animal hen,1.16,82,35
22260,felt egg cosy blue rabbit,0.88,262,113
22261,felt egg cosy white rabbit,0.87,381,161
22262,felt egg cosy chicken,0.86,482,197
22263,felt egg cosy ladybird,0.86,99,45
22264,felt farm animal white bunny,0.76,236,90
22265,easter decoration natural chick,0.65,372,143
22266,easter decoration hanging bunny,0.53,330,132
22267,easter decoration egg bunny,1.04,261,109
22268,easter decoration sitting bunny,0.67,392,160
22269,egg cup natural chicken,1.06,381,151
22270,happy easter hanging decoration,3.74,254,134
22271,feltcraft doll rosie,2.95,1609,698
22272,feltcraft doll maria,2.93,558,280
22273,feltcraft doll molly,2.95,1610,711
22274,feltcraft doll emily,2.95,1296,583
22275,weekend bag vintage rose paisley,8.37,523,285
22276,wash bag vintage rose paisley,2.52,701,304
22277,cosmetic bag vintage rose paisley,2.13,405,190
22278,overnight bag vintage rose paisley,4.95,442,244
22279,pocket bag blue paisley red spot,1.58,306,124
22280,pocket bag pink paisely brown spot,1.65,204,91
22281,easter tree yellow birds,5.92,192,98
22282,12 egg house painted wood,12.69,240,143
22283,6 egg house painted wood,7.94,554,297
22284,hen house decoration,1.65,592,238
22285,"decoration hen on nest, hanging",1.64,539,220
22286,"decoration , wobbly rabbit , metal",1.34,358,144
22287,"decoration , wobbly chicken, metal",1.31,219,89
22288,"decoration , hanging metal rabbit",1.24,213,92
22289,"decoration , hanging metal chicken",1.24,111,51
22290,standing metal rabbit with egg,2.09,161,69
22291,"spring dec , hanging chick cream",1.42,530,214
22292,"spring dec , hanging chick  yellow",1.44,426,186
22293,"spring dec , hanging chick  green",1.45,378,159
22294,heart filigree dove  small,1.25,1983,739
22295,heart filigree dove large,1.65,1678,637
22296,heart ivory trellis large,1.65,2004,760
22297,heart ivory trellis small,1.25,1766,666
22299,pig keyring with light & sound,1.18,347,128
22300,coffee mug dog + ball design,2.52,1169,415
22301,coffee mug cat + bird design,2.52,1313,468
22302,coffee mug pears  design,2.51,1003,354
22303,coffee mug apples design,2.51,1387,481
22304,coffee mug blue paisley design,2.51,381,142
22305,coffee mug pink paisley design,2.54,334,126
22306,silver mug bone china tree of life,1.48,418,150
22307,gold mug bone china tree of life,1.54,287,102
22308,tea cosy blue stripe,2.64,203,98
22309,tea cosy red  stripe,2.57,368,170
22310,knitted mug cosy ivory colour,1.7,273,113
22311,office mug warmer black+silver,3.39,400,192
22312,office mug warmer polkadot,3.46,405,189
22313,office mug warmer pink,3.35,237,108
22314,office mug warmer choc+blue,3.55,400,185
22315,200 red + white bendy straws,1.25,511,298
22316,200 bendy skull straws,1.23,181,95
22317,five cats hanging decoration,3.0,231,97
22318,five heart hanging decoration,2.94,702,290
22319,hairclips forties fabric assorted,0.62,482,163
22320,birds mobile vintage design,6.01,313,169
22321,bird decoration red spot,0.85,452,157
22322,bird decoration green  spot,0.85,250,92
22323,pink polkadot kids bag,2.26,161,74
22324,blue polkadot kids bag,2.29,150,68
22325,mobile vintage hearts,4.94,278,156
22326,"round snack boxes ,set4, woodland",2.93,2974,1158
22327,round snack boxes set of 4 skulls,2.94,1035,478
22328,"round snack boxes ,set 4, fruits",2.92,2469,998
22329,round container set of 5 retrospot,1.64,941,424
22330,72 round pink doilies,1.45,35,15
22331,woodland party bag + sticker set,1.65,880,349
22332,skulls party bag + sticker set,1.64,816,338
22333,retro sport party bag + sticker set,1.64,1539,602
22334,dinosaur party bag + sticker set,1.65,595,250
22335,heart decoration painted zinc,0.65,904,350
22336,dove decoration painted zinc,0.58,418,158
22337,angel decoration painted zinc,0.66,220,85
22338,star decoration painted zinc,0.43,513,185
22339,christmas tree painted zinc,0.45,295,107
22340,noel garland painted zinc,0.88,254,95
22341,love garland painted zinc,1.69,387,141
22342,home garland painted zinc,1.35,319,115
22343,party pizza dish red white spot,0.7,372,132
22344,party pizza dish pink+white spot,0.71,221,84
22345,party pizza dish blue+white spot,0.7,223,84
22346,party pizza dish green+white spot,0.69,162,62
22347,pizza slice dish,1.23,221,76
22348,tea bag plate red spotty,0.85,1822,700
22349,"dog bowl , chasing ball design",3.74,728,320
22350,cat bowl,2.54,617,254
22351,dotcomgiftshop tea towel,1.65,3,1
22352,lunchbox with cutlery retrospot,2.53,2026,841
22353,lunchbox with cutlery fairy cakes,2.53,880,375
22354,retro spot padded seat cushion,3.73,598,238
22355,"charlotte bag , suki design",0.84,3252,1198
22356,"charlotte bag , pink/white spots",0.85,2987,1117
22357,kings choice biscuit tin,4.22,584,316
22358,kings choice tea caddy,2.94,877,389
22359,glass jar kings choice,2.96,289,155
22360,"glass jar, english confectionery",2.95,649,305
22361,glass jar daisy fresh cotton wool,2.92,535,265
22362,glass jar peacock bath salts,2.98,329,177
22363,glass jar marmalade,2.95,249,131
22364,glass jar digestive biscuits,2.96,456,226
22365,doormat respectable house,7.49,669,348
22366,doormat airmail,7.5,845,434
22367,childs apron spaceboy design,1.95,2415,1008
22371,airline bag vintage tokyo 78,4.8,834,507
22372,airline bag vintage world champion,4.94,350,228
22374,airline bag vintage jet set red,4.92,565,343
22375,airline bag vintage jet set brown,4.7,298,195
22376,airline bag vintage jet set white,4.87,303,194
22377,bottle bag retrospot,2.03,724,289
22378,wall tidy retrospot,2.0,732,289
22379,recycling bag retrospot,2.09,2691,1022
22380,toy tidy spaceboy,2.09,1394,551
22381,toy tidy pink retrospot,2.1,2039,801
22382,lunchbag spaceboy design,1.65,4822,1934
22383,lunchbag suki  design,1.65,5156,2039
22384,lunchbag pink retrospot,1.65,4683,1874
22385,jumbo bag spaceboy design,1.98,2452,981
22386,jumbo bag pink with white spots,1.97,4656,1786
22389,paperweight save the planet,2.21,209,80
22390,paperweight childhood memories,2.37,190,73
22391,paperweight home sweet home,2.13,127,50
22393,paperweight vintage collage,2.13,240,89
22394,paperweight kings choice,2.12,110,47
22395,paperweight vintage paisley,1.94,82,33
22396,magnets pack of 4 retro photo,0.83,360,160
22398,magnets pack of 4 swallows,0.9,998,401
22399,magnets pack of 4 childhood memory,1.24,612,256
22400,magnets pack of 4 home sweet home,0.82,511,227
22402,magnets pack of 4 vintage collage,0.87,574,243
22403,magnets pack of 4 vintage labels,0.9,361,161
22405,money box pocket money design,1.21,473,196
22406,money box kings choice design,1.23,394,176
22407,money box first ade design,1.24,131,65
22408,money box confectionery design,1.23,171,77
22409,money box biscuits design,1.25,270,124
22410,money box housekeeping design,1.22,399,170
22411,jumbo shopper vintage red paisley,1.98,4229,1691
22412,metal sign neighbourhood witch,2.09,668,312
22413,metal sign take it or leave it,2.94,1735,773
22414,doormat neighbourhood witch,7.7,277,162
22415,white tissue ream,7.95,265,204
22416,36 doilies spaceboy design,1.44,349,154
22417,pack of 60 spaceboy cake cases,0.55,2247,932
22418,10 colour spaceboy pen,0.86,1378,477
22419,lipstick pen red,0.43,753,295
22420,lipstick pen baby pink,0.45,388,155
22421,lipstick pen fuschia,0.44,629,247
22422,toothpaste tube pen,0.65,370,154
22423,regency cakestand 3 tier,12.46,6760,3335
22424,enamel bread bin cream,12.65,856,560
22425,enamel collander cream,4.95,471,262
22426,enamel wash bowl cream,3.68,512,274
22427,enamel flower jug cream,5.91,1399,706
22428,enamel fire bucket cream,6.98,275,159
22429,enamel measuring jug cream,4.25,942,529
22430,enamel watering can cream,4.92,571,304
22431,watering can blue elephant,1.96,1186,501
22432,watering can pink bunny,1.94,1086,432
22433,watering can green dinosaur,1.94,843,355
22434,balloon pump with 10 balloons,1.95,602,268
22435,set of 9 heart shaped balloons,1.25,1102,454
22436,12 coloured party balloons,0.65,710,260
22437,set of 9 black skull balloons,0.85,963,365
22438,balloon art make your own flowers,1.72,312,136
22439,6 rocket balloons,0.67,762,314
22440,balloon water bomb pack of 35,0.42,732,266
22441,grow your own basil in enamel mug,2.1,939,394
22442,grow your own flowers set of 3,7.15,298,165
22443,grow your own herbs set of 3,7.91,399,239
22444,grow your own plant in a can,1.24,963,329
22445,pencil case life is beautiful,2.99,504,222
22446,pin cushion russian doll pink,3.31,181,87
22447,pin cushion russian doll blue,3.26,101,48
22448,pin cushion russian doll red,3.3,247,105
22449,silk purse russian doll pink,3.34,538,238
22450,silk purse russian doll blue,3.35,370,170
22451,silk purse russian doll red,3.34,450,203
22452,measuring tape russian doll pink,2.92,369,167
22453,measuring tape russian doll blue,2.93,256,109
22454,measuring tape russian doll red,2.93,384,165
22456,natural slate chalkboard large,4.88,1260,596
22457,natural slate heart chalkboard,2.96,4376,1649
22458,cast iron hook garden fork,2.54,347,151
22459,cast iron hook garden trowel,2.54,349,150
22460,embossed glass tealight holder,1.27,779,290
22461,savoy art deco clock,10.86,224,130
22464,hanging metal heart lantern,1.62,1800,656
22465,hanging metal star lantern,1.6,1079,399
22466,fairy tale cottage nightlight,1.93,808,310
22467,gumball coat rack,2.5,2318,940
22468,babushka lights string of 10,6.66,696,335
22469,heart of wicker small,1.64,4661,1821
22470,heart of wicker large,2.94,4300,1783
22471,tv dinner tray air hostess,4.61,232,122
22472,tv dinner tray dolly girl,4.84,375,203
22473,tv dinner tray vintage paisley,4.6,298,166
22474,spaceboy tv dinner tray,4.77,335,191
22475,skull design tv dinner tray,4.76,326,203
22476,empire union jack tv dinner tray,4.94,329,189
22477,watering can garden marker,1.25,460,183
22478,birdhouse garden marker,1.25,567,216
22479,daisy garden marker,1.25,383,155
22480,red tea towel classic design,1.25,580,249
22481,black tea towel classic design,1.15,372,171
22482,blue tea towel classic design,1.24,490,205
22483,red gingham teddy bear,2.95,677,302
22485,set of 2 wooden market crates,12.63,669,342
22486,plasmatronic lamp,10.74,48,25
22487,white wood garden plant ladder,9.75,1168,810
22488,natural slate rectangle chalkboard,1.65,1590,656
22489,pack of 12 traditional crayons,0.42,1690,619
22491,pack of 12 coloured pencils,0.85,987,365
22492,mini paint set vintage,0.65,1892,635
22493,paint your own canvas set,1.67,908,365
22494,emergency first aid tin,1.29,640,297
22495,set of 2 round tins camembert,2.82,395,191
22496,set of 2 round tins dutch cheese,2.83,344,175
22497,set of 2 tins vintage bathroom,4.25,380,206
22498,wooden regatta bunting,5.94,530,296
22499,wooden union jack bunting,5.94,1318,636
22500,set of 2 tins jardin de provence,4.55,308,178
22501,picnic basket wicker large,9.8,926,497
22502,picnic basket wicker small,7.48,1123,573
22503,cabin bag vintage paisley,26.92,57,35
22504,cabin bag vintage retrospot,25.8,129,76
22505,memo board cottage design,4.92,1245,661
22507,memo board retrospot  design,4.92,1364,739
22508,doorstop retrospot heart,3.78,1045,584
22509,sewing box retrospot design,14.4,248,173
22510,doorstop russian doll gingham,3.07,144,82
22511,doorstop russian doll retrospot,3.08,179,102
22512,doorstop racing car design,3.13,115,63
22513,doorstop football design,3.74,242,144
22514,childs garden spade blue,2.08,391,193
22515,childs garden spade pink,2.08,354,168
22516,childs garden rake blue,2.08,265,128
22517,childs garden rake pink,2.08,252,125
22518,childs garden brush blue,2.08,441,202
22519,childs garden brush pink,2.08,451,205
22520,childs garden trowel blue,0.85,739,334
22521,childs garden trowel pink,0.85,733,330
22522,childs garden fork blue,0.85,687,312
22523,childs garden fork pink,0.85,699,319
22524,childrens garden gloves blue,1.25,555,234
22525,childrens garden gloves pink,1.25,556,241
22526,wheelbarrow for children,12.63,284,188
22528,gardeners kneeling pad,1.24,1133,453
22529,magic drawing slate go to the fair,0.42,298,139
22530,magic drawing slate dolly girl,0.42,940,381
22531,magic drawing slate circus parade,0.42,829,341
22532,magic drawing slate leap frog,0.42,336,161
22533,magic drawing slate bake a cake,0.42,443,202
22534,magic drawing slate spaceboy,0.42,1202,483
22535,magic drawing slate bunnies,0.42,598,260
22536,magic drawing slate purdey,0.42,764,336
22537,magic drawing slate dinosaur,0.42,683,294
22538,mini jigsaw go to the fair,0.42,151,62
22539,mini jigsaw dolly girl,0.41,441,171
22540,mini jigsaw circus parade,0.42,400,151
22541,mini jigsaw leap frog,0.42,94,41
22543,mini jigsaw bake a cake,0.4,210,87
22544,mini jigsaw spaceboy,0.42,702,262
22545,mini jigsaw bunnies,0.41,321,133
22546,mini jigsaw fido,0.41,316,136
22547,mini jigsaw dinosaur,0.43,275,112
22548,heads and tails sporting fun,1.25,861,386
22549,picture dominoes,1.48,1363,550
22550,holiday fun ludo,3.79,684,347
22551,plasters in tin spaceboy,1.65,2759,1170
22553,plasters in tin skulls,1.65,1988,921
22554,plasters in tin woodland animals,1.65,2584,1110
22555,plasters in tin strongman,1.65,2038,880
22556,plasters in tin circus parade,1.65,2610,1120
22557,plasters in tin vintage paisley,1.66,2221,1019
22558,clothes pegs retrospot pack 24,1.46,2549,1027
22559,seaside frisbee,1.28,339,138
22560,traditional modelling clay,1.25,1717,667
22561,wooden school colouring set,1.65,2217,856
22562,monsters stencil craft,1.25,785,365
22563,happy stencil craft,1.25,1051,492
22564,alphabet stencil craft,1.25,673,313
22565,feltcraft hairbands pink + white,0.88,529,224
22566,"feltcraft hairband s/2, pink/purple",0.87,596,255
22567,20 dolly pegs retrospot,1.28,1066,434
22568,feltcraft cushion owl,3.76,1604,774
22569,feltcraft cushion butterfly,3.73,1399,688
22570,feltcraft cushion rabbit,3.73,1363,680
22571,rocking horse red christmas,0.85,1033,389
22572,rocking horse green christmas,0.85,716,275
22573,star wooden christmas decoration,0.88,784,294
22574,heart wooden christmas decoration,0.87,855,314
22575,metal merry christmas wreath,1.94,788,311
22576,swallow wooden christmas decoration,0.87,658,260
22577,wooden heart christmas scandinavian,0.58,2085,755
22578,wooden star christmas scandinavian,0.55,1890,698
22579,wooden tree christmas scandinavian,0.58,1280,481
22580,advent calendar gingham sack,6.0,804,389
22581,wood stocking christmas scandispot,0.81,695,272
22582,pack of 6 sweetie gift boxes,2.55,599,259
22583,pack of 6 handbag gift boxes,2.55,647,296
22584,pack of 6 pannetone gift boxes,2.55,1286,518
22585,pack of 6 birdy gift tags,1.25,2626,989
22586,feltcraft hairband pink and blue,0.85,555,240
22587,"feltcraft hairband, s/2, red/blue",0.85,568,253
22588,cardholder gingham heart,2.68,986,406
22589,cardholder gingham star,2.72,483,199
22591,cardholder gingham christmas tree,2.96,439,175
22592,cardholder holly wreath metal,3.81,549,253
22593,christmas gingham star,0.88,883,313
22594,christmas gingham tree,0.88,816,291
22595,christmas gingham heart,0.85,1832,650
22596,christmas star wish list chalkboard,1.03,1125,409
22597,christmas musical zinc heart,0.64,567,211
22598,christmas musical zinc tree,0.64,251,95
22599,christmas musical zinc star,0.65,361,133
22600,christmas retrospot star wood,0.87,942,350
22601,christmas retrospot angel wood,0.87,893,335
22602,christmas retrospot heart wood,0.85,1118,418
22603,christmas retrospot tree wood,0.86,819,309
22604,set of 4 napkin charms cutlery,2.54,536,225
22605,wooden croquet garden set,13.36,892,549
22606,wooden skittles garden set,15.17,526,340
22607,wooden rounders garden set,9.09,1225,646
22608,pens assorted funky jeweled,0.3,292,98
22609,pens assorted spaceball,0.4,456,153
22610,pens assorted funny face,0.37,671,224
22611,vintage union jack shopping bag,4.91,405,190
22612,tea cosy vintage union jack,3.75,194,98
22613,pack of 20 spaceboy napkins,0.84,530,232
22614,pack of 12 spaceboy tissues,0.32,792,303
22615,pack of 12 circus parade tissues,0.31,372,137
22616,pack of 12 london tissues,0.31,1780,648
22617,baking set spaceboy design,4.98,1787,889
22618,cooking set retrospot,9.87,409,225
22619,set of 6 soldier skittles,3.82,1206,585
22620,4 traditional spinning tops,1.35,1681,669
22621,traditional knitting nancy,1.58,1888,735
22622,box of vintage alphabet blocks,10.41,1062,514
22623,box of vintage jigsaw blocks,5.32,1025,502
22624,ivory kitchen scales,8.53,1902,1066
22625,red kitchen scales,8.44,1428,781
22626,black kitchen scales,8.48,531,305
22627,mint kitchen scales,8.46,1015,559
22628,picnic boxes set of 3 retrospot,4.93,486,251
22629,spaceboy lunch box,1.93,2763,1118
22630,dolly girl lunch box,1.94,2443,1012
22631,circus parade lunchbox,1.94,1125,475
22632,hand warmer red polka dot,2.08,1765,745
22633,hand warmer union jack,2.09,1897,831
22634,childs breakfast set spaceboy,9.74,893,466
22635,childs breakfast set dolly girl,9.79,852,452
22636,childs breakfast set circus parade,8.42,904,463
22637,piggy bank retrospot,2.53,1164,497
22638,set of 4 napkin charms crowns,2.35,122,59
22639,set of 4 napkin charms hearts,2.5,596,254
22640,set of 4 napkin charms 3 keys,2.45,137,70
22641,set of 4 napkin charms instrument,2.48,107,53
22642,set of 4 napkin charms stars,2.42,315,135
22643,set of 4 napkin charms leaves,2.36,162,76
22644,ceramic cherry cake money bank,1.44,1128,469
22645,ceramic heart fairy cake money bank,1.43,1291,559
22646,ceramic strawberry cake money bank,1.42,1747,708
22647,ceramic love heart money bank,1.17,164,68
22649,strawberry fairy cake teapot,4.92,894,421
22650,ceramic pirate chest money bank,1.45,512,223
22651,gentleman shirt repair kit,0.88,403,152
22652,travel sewing kit,1.65,1854,729
22653,button box,1.94,548,234
22654,deluxe sewing kit,6.0,874,444
22655,vintage red kitchen cabinet,184.23,75,52
22656,vintage blue kitchen cabinet,214.86,45,37
22657,hen & 2 chicks in basket,0.85,21,7
22659,lunchbox i love london,1.93,1819,785
22660,doormat i love london,7.58,265,148
22661,charlotte bag dolly girl design,0.84,1428,543
22662,lunch bag dolly girl design,1.65,2113,883
22663,jumbo bag dolly girl design,2.01,1274,527
22664,toy tidy dolly girl design,2.1,437,178
22665,recipe box blue sketchbook design,2.96,1067,511
22666,recipe box pantry yellow design,2.95,2935,1290
22667,recipe box retro spot design,2.93,1787,830
22668,pink baby bunting,2.96,1090,381
22669,red baby bunting,2.94,943,337
22670,french wc sign blue metal,1.26,770,322
22671,french laundry sign blue metal,1.68,432,191
22672,french bathroom sign blue metal,1.65,717,304
22673,french garden sign blue metal,1.26,397,169
22674,french toilet sign blue metal,1.25,585,246
22675,french kitchen sign blue metal,1.28,557,229
22676,"french blue metal door sign, 1",1.27,502,222
22677,"french blue metal door sign, 2",1.26,441,189
22678,"french blue metal door sign, 3",1.26,409,172
22679,"french blue metal door sign, 4",1.27,373,156
22680,"french blue metal door sign, 5",1.26,383,165
22681,"french blue metal door sign, 6",1.27,333,135
22682,"french blue metal door sign, 7",1.26,345,139
22683,"french blue metal door sign, 8",1.27,326,138
22684,"french blue metal door sign, 9",1.25,288,116
22685,"french blue metal door sign, 0",1.25,315,128
22686,"french blue metal door sign, no",1.25,263,116
22687,doormat christmas village,8.04,227,113
22688,doormat peace on earth blue,7.84,156,85
22689,doormat merry christmas red,8.25,427,211
22690,doormat home sweet home blue,7.73,767,402
22691,doormat welcome sunrise,7.75,321,182
22692,doormat welcome to our home,7.82,882,460
22693,grow a flytrap or sunflower in tin,1.24,841,282
22694,wicker star,2.1,1715,730
22695,wicker wreath small,1.39,442,189
22696,wicker wreath large,1.97,554,252
22697,green regency teacup and saucer,2.93,2520,958
22698,pink regency teacup and saucer,2.92,2007,760
22699,roses regency teacup and saucer,2.91,2865,1083
22700,black and white dog bowl,2.64,203,92
22701,pink dog bowl,2.52,174,87
22702,black and white cat bowl,1.94,187,83
22703,pink cat bowl,1.84,150,74
22704,wrap red apples,0.42,879,293
22705,wrap green pears,0.42,441,147
22706,wrap cowboys,0.42,369,123
22707,wrap monster fun,0.42,243,81
22708,wrap dolly girl,0.42,474,158
22709,wrap wedding day,0.42,228,76
22710,wrap i love london,0.42,501,168
22711,wrap circus parade,0.42,533,178
22712,card dolly girl,0.43,1023,345
22713,card i love london,0.42,718,241
22714,card birthday cowboy,0.42,751,253
22715,card wedding day,0.42,504,168
22716,card circus parade,0.42,1015,341
22717,card dog and ball,0.42,456,152
22718,card cat and tree,0.42,510,170
22719,"gumball coathook., black & white",1.21,248,111
22720,set of 3 cake tins pantry design,4.95,2360,1152
22721,set of 3 cake tins sketchbook,4.83,443,247
22722,set of 6 spice tins pantry design,3.92,1337,664
22723,set of 6 herb tins sketchbook,3.75,446,238
22725,alarm clock bakelike chocolate,3.79,849,423
22726,alarm clock bakelike green,3.78,2203,1052
22727,alarm clock bakelike red,3.76,2415,1160
22728,alarm clock bakelike pink,3.78,1584,781
22729,alarm clock bakelike orange,3.76,1026,506
22730,alarm clock bakelike ivory,3.75,1233,619
22731,3d christmas stamps stickers,1.3,496,206
22732,3d vintage christmas stickers,1.3,623,247
22733,3d stickers traditional christmas,1.29,643,258
22734,set of 6 ribbons vintage christmas,2.73,1640,616
22735,ribbon reel socks and mittens,1.7,418,161
22736,"ribbon reel, making snowmen",1.69,755,300
22737,ribbon reel christmas present,1.69,982,386
22738,ribbon reel snowy village,1.67,945,353
22739,"ribbon reel, xmas sock/bauble",1.69,1126,432
22740,polka dot pen,0.84,611,205
22741,funky diva pen,0.85,583,196
22742,make your own playtime card kit,2.78,383,163
22743,make your own flowerpower card kit,2.87,585,270
22744,make your own monsoon card kit,2.8,567,259
22745,poppy's playhouse bedroom,2.11,1291,563
22746,poppy's playhouse livingroom,2.11,1026,466
22747,poppy's playhouse bathroom,2.1,712,331
22748,poppy's playhouse kitchen,2.11,1390,626
22749,feltcraft princess charlotte doll,3.75,1236,632
22750,feltcraft princess lola doll,3.76,1158,602
22751,feltcraft princess olivia doll,3.78,778,418
22752,set 7 babushka nesting boxes,8.41,1142,585
22753,small yellow babushka notebook,0.81,697,336
22754,small red babushka notebook,0.81,857,382
22755,small purple babushka notebook,0.82,886,403
22756,large yellow babushka notebook,1.17,352,172
22757,large red babushka notebook,1.18,514,226
22758,large purple babushka notebook,1.17,482,224
22759,set of 3 notebooks in parcel,1.67,1652,650
22760,"tray, breakfast in bed",12.52,170,103
22761,chest 7 drawer ma campagne,24.56,39,31
22762,cupboard 3 drawer ma campagne,14.79,142,107
22763,key cabinet ma campagne,9.89,203,119
22764,"rustic wooden cabinet, glass doors",23.53,40,24
22765,newspaper stand,14.47,60,42
22766,photo frame cornice,2.95,1353,584
22767,triple photo frame cornice,9.86,564,280
22768,family photo frame cornice,9.9,607,321
22769,chalkboard kitchen organiser,24.29,50,35
22770,mirror cornice,14.92,90,63
22771,clear drawer knob acrylic edwardian,1.25,1107,391
22772,pink drawer knob acrylic edwardian,1.25,606,215
22773,green drawer knob acrylic edwardian,1.25,474,175
22774,red drawer knob acrylic edwardian,1.24,389,136
22775,purple drawerknob acrylic edwardian,1.26,516,189
22776,sweetheart cakestand 3 tier,9.85,956,596
22777,glass cloche large,8.39,139,76
22778,glass cloche small,3.89,289,150
22779,wooden owls light garland,4.2,405,194
22780,light garland butterfiles pink,4.2,361,179
22781,gumball magazine rack,7.66,427,226
22782,set 3 wicker storage baskets,19.99,132,84
22783,set 3 wicker oval baskets w lids,15.38,79,44
22784,lantern cream gazebo,4.96,691,327
22785,cushion cover pink union flag,6.54,173,95
22786,pillowcushion cover pink union jack,5.94,146,77
22788,brocante coat rack,9.79,121,68
22789,t-light holder sweetheart hanging,1.97,439,184
22790,"mirror, arched georgian",19.42,3,1
22791,t-light glass fluted antique,1.23,966,333
22792,fluted antique candle holder,0.86,493,171
22794,sweetheart wire magazine rack,7.94,309,183
22795,sweetheart recipe book stand,6.69,769,406
22796,photo frame 3 classic hanging,9.9,544,295
22797,chest of drawers gingham heart,16.98,168,125
22798,antique glass dressing table pot,2.97,655,258
22799,sweetheart wire fruit bowl,8.18,166,96
22800,antique tall swirlglass trinket pot,3.78,387,189
22801,antique glass pedestal bowl,3.76,469,233
22802,faux fur chocolate throw,18.52,68,46
22803,ivory embroidered quilt,38.41,46,30
22804,candleholder pink hanging heart,2.96,1328,596
22805,blue drawer knob acrylic edwardian,1.25,404,148
22806,set of 6 t-lights wedding cake,2.73,114,45
22807,set of 6 t-lights toadstools,2.85,439,188
22808,set of 6 t-lights easter chicks,2.86,152,61
22809,set of 6 t-lights santa,3.04,795,330
22810,set of 6 t-lights snowmen,3.04,683,284
22811,set of 6 t-lights cacti,2.99,154,70
22812,pack 3 boxes christmas pannetone,2.01,904,361
22813,pack 3 boxes bird pannetone,2.01,725,295
22814,card party games,0.42,397,135
22815,card psychedelic apples,0.42,495,165
22816,card motorbike santa,0.42,899,301
22817,card suki birthday,0.42,500,169
22818,card christmas village,0.42,864,288
22819,"birthday card, retro spot",0.42,494,168
22820,gift bag birthday,0.65,223,77
22821,gift bag psychedelic apples,0.65,302,103
22822,cream wall planter heart shaped,5.94,323,169
22823,chest natural wood 20 drawers,117.5,27,18
22824,3 tier sweetheart garden shelf,35.7,55,48
22825,decorative plant pot with frieze,7.91,65,34
22826,love seat antique white metal,114.02,52,41
22827,giant seventeen drawer sideboard,158.71,46,35
22828,regency mirror with shutters,154.09,17,11
22829,brocante shelf with hooks,9.87,175,104
22830,utilty cabinet with hooks,24.38,25,16
22831,white brocante soap dish,2.95,307,120
22832,sweetheart wire wall tidy,10.72,144,77
22833,hall cabinet with 3 drawers,43.27,16,11
22834,hand warmer babushka design,1.97,1154,500
22835,hot water bottle i am so poorly,4.77,1724,818
22837,hot water bottle babushka,4.62,833,373
22838,3 tier cake tin red and cream,14.75,358,228
22839,"cake tin, 3 tier mint/ivory",14.9,275,189
22840,round cake tin vintage red,7.9,700,377
22841,round cake tin vintage green,7.94,506,286
22842,biscuit tin vintage red,6.66,421,220
22843,biscuit tin vintage green,6.7,297,164
22844,vintage cream dog food container,8.52,639,367
22845,vintage cream cat food container,6.37,523,297
22846,bread bin diner style red,16.36,477,311
22847,"bread bin, diner style, ivory",16.49,682,445
22848,bread bin diner style pink,16.2,208,133
22849,"bread bin, diner style, mint",16.27,238,151
22850,bread bin diner style black,15.95,5,2
22851,set 20 napkins fairy cakes design,0.85,1076,460
22852,enamel dog bowl cream,4.24,253,142
22853,enamel cat bowl cream,3.24,291,128
22854,cream sweetheart egg holder,4.92,440,218
22855,fine wicker heart,1.24,980,350
22856,assorted easter decorations  bells,1.24,79,27
22857,assorted easter gift tags,0.85,183,62
22858,easter tin keepsake,1.64,289,113
22859,easter tin bunny bouquet,1.65,354,134
22860,easter tin chicks pink daisy,1.65,218,88
22861,easter tin chicks in garden,1.65,94,38
22862,love heart napkin box,4.25,353,187
22863,soap dish brocante,2.93,342,149
22864,mug and coaster set red circles,0.42,6,2
22865,hand warmer owl design,2.1,2623,1101
22866,hand warmer scotty dog design,2.09,2295,984
22867,hand warmer bird design,2.1,2202,938
22868,"number tile cottage garden, 0",1.95,31,14
22869,"number tile cottage garden, 1",1.95,50,27
22870,"number tile cottage garden, 2",1.95,42,20
22871,"number tile cottage garden, 3",1.95,30,12
22872,"number tile cottage garden, 4",1.95,37,18
22873,"number tile cottage garden, 5",1.95,34,18
22874,"number tile cottage garden, 6",1.95,36,18
22875,"number tile cottage garden, 7",1.95,36,18
22876,"number tile cottage garden, 8",1.95,30,13
22877,"number tile cottage garden, 9",1.95,40,20
22878,"number tile cottage garden, no",2.1,35,16
22879,"number tile vintage font, 0",1.69,23,10
22880,"number tile vintage font, 1",1.76,29,14
22881,"number tile vintage font, 2",1.78,34,15
22882,number tile vintage font 3,1.85,46,26
22883,"number tile vintage font, 4",1.73,28,12
22884,number tile vintage font 5,1.81,35,19
22885,number tile vintage font 6,1.8,35,17
22886,"number tile vintage font, 7",1.76,29,14
22887,"number tile vintage font, 8",1.76,30,14
22888,number tile vintage font 9,1.67,21,10
22889,"number tile vintage font, no",1.89,27,11
22890,novelty biscuits cake stand 3 tier,9.9,410,231
22891,tea for one polkadot,4.5,295,155
22892,salt and pepper shakers toadstools,1.24,771,274
22893,mini cake stand t-light holder,0.42,274,94
22894,tablecloth red apples design,9.24,326,175
22895,set of 2 tea towels apple and pears,3.11,846,358
22896,peg bag apple design,2.58,660,293
22897,oven mitt apple design,1.52,582,249
22898,childrens apron apple design,1.94,927,376
22899,childrens apron dolly girl,2.12,862,357
22900,set 2 tea towels i love london,3.07,1192,526
22902,tote bag i love london,2.06,345,142
22903,calendar family favorites,2.82,117,54
22904,calendar paper cut design,2.96,973,402
22905,calendar in season design,2.85,329,144
22906,12 message cards with envelopes,1.64,813,365
22907,pack of 20 napkins pantry design,0.85,1678,698
22908,pack of 20 napkins red apples,0.85,988,418
22909,set of 20 vintage christmas napkins,0.84,2360,913
22910,paper chain kit vintage christmas,2.92,3171,1246
22911,paper chain kit london,2.96,292,143
22912,yellow coat rack paris fashion,4.93,163,99
22913,red coat rack paris fashion,4.91,178,105
22914,blue coat rack paris fashion,4.93,254,150
22915,assorted bottle top  magnets,0.4,418,142
22916,herb marker thyme,0.65,474,198
22917,herb marker rosemary,0.65,486,199
22918,herb marker parsley,0.65,472,197
22919,herb marker mint,0.65,484,200
22920,herb marker basil,0.65,475,197
22921,herb marker chives,0.65,419,174
22922,fridge magnets us diner assorted,0.85,293,99
22923,fridge magnets les enfants assorted,0.84,250,84
22924,fridge magnets la vie en rose,0.85,246,82
22925,blue giant garden thermometer,5.98,317,172
22926,ivory giant garden thermometer,5.94,381,202
22927,green giant garden thermometer,5.94,264,140
22928,yellow giant garden thermometer,6.37,168,91
22929,school desk and chair,64.17,21,17
22930,baking mould heart milk chocolate,2.57,337,146
22931,baking mould heart white chocolate,2.55,246,111
22932,baking mould toffee cup chocolate,2.5,141,64
22933,baking mould easter egg milk choc,2.92,211,92
22934,baking mould easter egg white choc,2.92,162,69
22935,baking mould rose milk chocolate,3.16,124,52
22936,baking mould rose white chocolate,3.3,72,35
22937,baking mould chocolate cupcakes,2.61,356,139
22938,cupcake lace paper set 6,1.93,674,253
22939,apron apple delight,5.16,287,152
22940,feltcraft christmas fairy,4.3,1134,559
22941,christmas lights 10 reindeer,8.44,830,407
22942,christmas lights 10 santas,7.82,438,217
22943,christmas lights 10 vintage baubles,4.92,637,288
22944,christmas metal postcard with bells,0.83,318,107
22945,christmas metal tags assorted,0.87,846,285
22946,wooden advent calendar cream,16.3,395,209
22947,wooden advent calendar red,12.49,356,163
22948,metal decoration naughty children,0.91,344,136
22949,36 doilies dolly girl,1.45,336,143
22950,36 doilies vintage christmas,1.44,851,311
22951,72 cake cases dolly girl design,0.56,1253,526
22952,72 cake cases vintage christmas,0.54,2488,928
22953,birthday party cordon barrier tape,1.27,205,100
22954,hen party cordon barrier tape,1.25,76,37
22955,36 foil star cake cases,2.04,380,163
22956,36 foil heart cake cases,2.06,508,233
22957,set 3 paper vintage chick paper egg,2.93,489,198
22959,wrap christmas village,0.42,844,282
22960,jam making set with jars,4.18,2370,904
22961,jam making set printed,1.47,2468,905
22962,jam jar with pink lid,0.84,715,258
22963,jam jar with blue lid,0.84,619,223
22964,3 piece spaceboy cookie cutter set,2.13,741,324
22965,3 traditional biscuit cutters  set,2.12,563,229
22966,gingerbread man cookie cutter,1.26,1560,623
22967,set 3 song bird paper eggs assorted,2.93,313,131
22968,rose cottage keepsake box,9.74,458,243
22969,homemade jam scented candles,1.45,1728,577
22970,london bus coffee mug,2.49,743,278
22971,queens guard coffee mug,2.52,616,235
22972,children's spaceboy mug,1.65,489,192
22973,childrens circus parade mug,1.67,324,121
22974,childrens dolly girl mug,1.69,414,164
22975,spaceboy childrens egg cup,1.27,353,149
22976,circus parade childrens egg cup,1.26,299,119
22977,dolly girl childrens egg cup,1.26,283,117
22978,pantry rolling pin,3.75,489,197
22979,pantry washing up brush,1.5,709,306
22980,pantry scrubbing brush,1.67,554,244
22981,pantry apple corer,1.45,127,75
22982,pantry pastry brush,1.32,321,146
22983,"card, billboard font",0.43,1216,410
22984,"card, gingham rose",0.42,548,184
22985,"wrap, billboard fonts design",0.42,399,133
22986,gingham rose wrap,0.42,607,203
22987,"wrap , summer rose design",0.42,30,10
22988,soldiers egg cup,1.26,949,353
22989,set 2 pantry design tea towels,3.23,748,317
22990,cotton apron pantry design,4.76,278,142
22991,giraffe wooden ruler,2.05,581,239
22992,revolver wooden ruler,1.96,709,293
22993,set of 4 pantry jelly moulds,1.26,2234,881
22994,travel card wallet retrospot,0.42,399,161
22995,travel card wallet suki,0.42,428,185
22996,travel card wallet vintage ticket,0.42,721,298
22997,travel card wallet union jack,0.42,451,182
22998,travel card wallet keep calm,0.43,1146,440
22999,travel card wallet retro petals,0.42,471,188
23000,travel card wallet transport,0.42,500,206
23002,travel card wallet skulls,0.42,350,142
23003,travel card wallet vintage rose,0.42,122,53
23004,travel card wallet pantry,0.43,304,126
23005,travel card wallet i love london,0.42,473,178
23006,travel card wallet flower meadow,0.42,315,130
23007,spaceboy baby gift set,16.51,242,142
23008,dolly girl baby gift set,16.42,217,120
23009,i love london baby gift set,16.43,108,61
23010,circus parade baby gift set,16.48,147,89
23012,glass apothecary bottle perfume,3.88,403,200
23013,glass apothecary bottle tonic,3.89,364,181
23014,glass apothecary bottle elixir,3.91,324,162
23015,cordial glass jug,8.25,28,16
23016,glass twist bon bon jar,7.72,39,19
23017,apothecary measuring jar,12.18,42,21
23018,large apothecary measuring jar,12.3,30,20
23019,small apothecary measuring jar,8.08,47,28
23020,glass  songbird storage jar,12.33,112,72
23021,glass bonne jam jar,4.13,50,25
23022,small bonne jam jar  t-light holder,2.03,66,23
23023,ridged bonne jam jar t-light holder,1.7,65,23
23024,large bonne jam jar  t-light holder,2.73,29,10
23025,drawer knob vintage glass ball,2.12,131,46
23026,drawer knob vintage glass star,2.11,154,55
23027,drawer knob vintage glass hexagon,2.08,79,27
23028,drawer knob crackle glaze blue,1.66,317,115
23029,drawer knob crackle glaze green,1.65,394,138
23031,drawer knob crackle glaze pink,1.65,384,138
23032,drawer knob crackle glaze ivory,1.64,523,186
23033,drawer knob ceramic red,1.44,165,59
23034,drawer knob ceramic black,1.44,222,80
23035,drawer knob ceramic ivory,1.45,477,167
23036,t-light holder silver petit four,1.25,41,15
23037,candle holder silver madeline,1.73,50,18
23038,t-light holder silver saucer,1.23,13,6
23039,t-light holder silver heart handle,1.94,67,23
23040,paper lantern 9 point snow star,5.73,79,38
23041,paper lantern 9 point snow star,4.15,102,48
23042,paper lantern 7 point snow star,6.65,53,25
23043,paper lantern 9 point holly star 40,6.25,40,19
23044,paper lantern 9 point holly star s,4.15,49,25
23045,paper lantern 5 point star moon 30,4.15,48,23
23046,paper lantern 9 point deluxe star,6.62,66,34
23047,paper lantern 5 point sequin star,5.75,48,26
23048,set of 10 lanterns fairy light star,4.19,168,88
23049,recycled acapulco mat red,8.25,326,169
23050,recycled acapulco mat green,8.24,331,176
23051,recycled acapulco mat blue,8.24,249,133
23052,recycled acapulco mat turquoise,8.25,423,221
23053,recycled acapulco mat pink,8.23,242,129
23054,recycled acapulco mat lavender,8.24,211,109
23055,ivory chandelier t-light holder,5.56,75,38
23056,flowers chandelier t-light holder,6.16,77,38
23057,gemstone chandelier t-light holder,4.58,87,41
23058,christmas hanging snowflake,1.11,119,44
23060,heart beaded trellis decoration,2.08,97,41
23061,vintage embossed heart,1.25,249,88
23064,cinderella chandelier,43.01,35,22
23065,large deco jewellery stand,12.47,148,92
23066,small deco jewellery stand,8.23,147,76
23067,hanging engraved metal heart,4.15,143,75
23068,aluminium stamped heart,2.48,296,132
23069,edwardian photo frame,6.25,64,31
23070,edwardian heart photo frame,4.15,72,33
23071,marie antoienett trinket box gold,10.31,36,18
23072,marie antoinette trinket box silver,10.77,44,22
23073,georgian trinket box,12.41,88,59
23074,embossed heart trinket box,2.06,85,35
23075,double ceramic parlour hook,4.14,175,77
23076,ice cream sundae lip gloss,1.24,742,248
23077,doughnut lip gloss,1.24,919,308
23078,ice cream pen lip gloss,1.25,638,213
23079,toadstool bedside light,8.94,186,105
23080,red metal box top secret,8.36,425,225
23081,green metal box army supplies,8.34,211,115
23082,set 6 paper table lantern hearts,3.72,660,269
23083,set 6 paper table lantern stars,3.76,516,212
23084,rabbit night light,2.01,2199,823
23085,antique silver bauble lamp,10.07,162,78
23086,zinc  star t-light holder,1.23,105,36
23087,zinc  heart t-light holder,1.24,138,49
23088,zinc heart flower t-light holder,1.31,164,57
23089,glass bon bon jar,1.78,361,136
23090,vintage glass t-light holder,0.86,352,125
23091,zinc herb garden container,6.29,353,193
23092,large antique white photo frame,7.8,252,125
23093,small parisienne heart photo frame,2.47,309,123
23094,le grand tray chic set,12.5,110,74
23096,petit tray chic,1.73,279,117
23099,french carriage lantern,6.58,99,55
23100,silver bells table decoration,1.25,528,219
23101,silver stars table decoration,0.83,468,191
23102,silver hearts table decoration,0.83,332,141
23103,bell heart decoration,1.65,809,327
23104,ivory pantry hanging lamp,12.31,71,44
23106,zinc hearts plant pot holder,2.77,120,50
23107,white wire plant pot holder,2.74,146,61
23108,set of 10 led dolly lights,6.15,747,352
23109,led tea lights,2.9,600,232
23110,parisienne key cabinet,5.71,432,220
23111,parisienne sewing box,12.28,201,125
23112,parisienne curio cabinet,7.45,347,183
23113,pantry chopping board,4.92,90,43
23114,vintage leaf chopping board,4.93,72,41
23115,red apples chopping board,4.93,68,38
23116,vegetable garden chopping board,4.9,27,17
23117,poppy fields chopping board,4.95,63,39
23118,parisienne jewellery drawer,7.46,434,225
23119,pack of 6 large fruit straws,0.65,320,116
23120,pack of 6 small fruit straws,0.42,207,84
23121,pack of 6 cocktail parasol straws,0.42,238,92
23122,party charms 50 pieces,0.82,236,97
23123,cocktail swords 50 pieces,0.82,167,68
23124,18pc wooden cutlery set disposable,1.24,65,24
23125,6pc wood plate set disposable,1.24,42,16
23126,dollcraft girl amelie kit,5.02,504,273
23127,dollcraft girl nicole,4.97,342,184
23128,feltcraft boy jean-paul kit,4.97,224,129
23129,heart shaped holly wreath,4.42,364,165
23130,mistletoe heart wreath green,4.23,355,167
23131,mistletoe heart wreath cream,4.21,235,109
23132,small ivory heart wall organiser,5.74,269,141
23133,large ivory heart wall organiser,7.99,272,134
23134,large zinc heart wall organiser,7.67,79,37
23135,small zinc heart wall organiser,5.19,84,42
23136,ivory wire sweetheart letter tray,3.73,78,44
23137,zinc wire sweetheart letter tray,3.45,37,20
23138,single wire hook ivory heart,1.44,187,77
23139,single wire hook pink heart,1.25,55,23
23140,triple wire hook ivory heart,4.26,67,35
23141,triple wire hook pink heart,3.59,33,18
23142,ivory wire kitchen organiser,10.33,55,36
23143,zinc wire kitchen organiser,7.18,18,12
23144,zinc t-light holder stars small,0.84,684,238
23145,zinc t-light holder star large,0.96,431,151
23146,triple hook antique ivory rose,3.28,407,214
23147,single antique rose hook ivory,1.45,635,254
23148,miniature antique rose hook ivory,0.83,611,241
23149,antique ivory wire bowl small,2.49,49,19
23150,ivory sweetheart soap dish,2.49,80,40
23151,zinc sweetheart soap dish,1.95,34,19
23152,ivory sweetheart wire letter rack,3.74,290,150
23153,zinc sweetheart wire letter rack,3.79,145,78
23154,set of 4 jam jar magnets,2.08,530,219
23155,knickerbockerglory magnet assorted,0.82,324,111
23156,set of 5 mini grocery magnets,2.09,412,186
23157,set of 6 nativity magnets,2.15,374,151
23158,set of 5 lucky cat magnets,2.17,457,187
23159,set of 5 pancake day magnets,2.08,474,196
23160,regency tea spoon,1.23,175,60
23161,regency cake fork,1.23,203,68
23162,regency tea strainer,3.75,311,142
23163,regency sugar tongs,2.43,358,134
23164,regency cake slice,4.92,170,80
23165,large ceramic top storage jar,1.63,561,222
23166,medium ceramic top storage jar,1.22,523,198
23167,small ceramic top storage jar,0.83,503,184
23168,classic sugar dispenser,1.23,554,222
23169,classic glass sweet jar,4.11,601,263
23170,regency tea plate roses,1.66,923,327
23171,regency tea plate green,1.67,762,271
23172,regency tea plate pink,1.64,635,224
23173,regency teapot roses,9.7,755,356
23174,regency sugar bowl green,4.13,623,267
23175,regency milk jug pink,3.19,624,272
23176,abc treasure book box,2.26,434,187
23177,treasure island book box,2.24,469,217
23178,jam clock magnet,2.84,131,55
23179,clock magnet mum's kitchen,2.93,96,40
23180,mum's kitchen clock,4.77,61,36
23181,bull dog bottle top wall clock,8.18,134,69
23182,toilet sign occupied or vacant,0.88,625,258
23183,mother's kitchen spoon rest,4.06,114,59
23184,bull dog bottle opener,5.1,377,199
23185,french style storage jar jam,0.35,87,31
23186,french style storage jar cafe,0.34,207,71
23187,french style storage jar bonbons,0.32,218,75
23188,vintage  2 meter folding ruler,1.71,688,286
23189,set of 12 fork candles,2.86,284,114
23190,bundle of 3 school exercise books,1.65,418,180
23191,bundle of 3 retro note books,1.68,574,251
23192,bundle of 3 alphabet exercise books,1.65,731,318
23193,buffalo bill treasure book box,2.27,274,137
23194,gymkhanna treasure book box,2.25,358,173
23196,retro leaves magnetic notepad,1.44,523,239
23197,sketchbook magnetic shopping list,1.54,394,184
23198,pantry magnetic  shopping list,1.48,873,382
23199,jumbo bag apples,2.06,1897,724
23200,jumbo bag pears,2.07,1198,473
23201,jumbo bag alphabet,2.06,1963,757
23202,jumbo bag vintage leaf,2.08,2006,779
23203,jumbo bag doiley patterns,2.06,2915,1091
23204,charlotte bag apples design,0.84,1189,427
23205,charlotte bag vintage alphabet,0.85,911,347
23206,lunch bag apple design,1.64,2275,878
23207,lunch bag alphabet design,1.65,1669,660
23208,lunch bag vintage leaf design,1.65,1529,604
23209,lunch bag doiley pattern,1.65,2690,1020
23210,white rocking horse hand painted,1.24,412,164
23211,red rocking horse hand painted,1.24,304,118
23212,heart wreath decoration with bell,1.24,394,150
23213,star wreath decoration with bell,1.24,333,124
23214,jingle bell heart antique gold,2.19,226,93
23215,jingle bell heart antique silver,2.14,519,200
23216,laurel heart antique gold,1.35,99,41
23217,laurel heart antique silver,1.4,216,86
23218,laurel star antique gold,1.38,77,33
23219,laurel star antique silver,1.31,120,52
23220,reindeer heart decoration gold,0.91,200,78
23221,reindeer heart decoration silver,0.91,296,114
23222,christmas tree hanging gold,0.96,174,66
23223,christmas tree hanging silver,0.95,179,68
23224,cherub heart decoration gold,0.93,153,59
23225,cherub heart decoration silver,0.96,178,69
23226,filigree heart daisy white,1.24,194,72
23227,filigree heart butterfly white,1.27,232,87
23228,filigree heart bird white,1.39,201,79
23229,vintage donkey tail game,3.78,542,219
23230,wrap alphabet design,0.42,696,232
23231,wrap doiley design,0.42,771,257
23232,wrap vintage petals  design,0.42,715,239
23233,wrap poppies  design,0.42,477,159
23234,biscuit tin vintage christmas,2.93,596,233
23235,storage tin vintage leaf,2.75,235,96
23236,doiley storage tin,2.93,743,287
23237,set of 4 knick knack tins leaves,4.13,397,169
23238,set of 4 knick knack tins london,4.13,553,237
23239,set of 4 knick knack tins poppies,3.91,356,158
23240,set of 4 knick knack tins doiley,4.13,1281,494
23241,treasure tin gymkhana design,2.08,671,287
23242,treasure tin buffalo bill,2.07,445,190
23243,set of tea coffee sugar tins pantry,4.89,798,386
23244,round storage tin vintage leaf,1.97,280,105
23245,set of 3 regency cake tins,4.93,1506,721
23247,biscuit tin 50's christmas,2.97,662,271
23249,vintage red enamel trim plate,1.64,178,68
23250,vintage red trim enamel bowl,1.25,242,89
23251,vintage red enamel trim mug,1.24,274,102
23252,vintage red enamel trim jug,3.74,244,125
23253,16 piece cutlery set pantry design,15.66,94,47
23254,childrens cutlery dolly girl,4.14,576,278
23255,childrens cutlery circus parade,4.16,285,143
23256,childrens cutlery spaceboy,4.15,680,328
23263,set of 3 wooden heart decorations,1.32,1023,418
23264,set of 3 wooden sleigh decorations,1.32,606,264
23265,set of 3 wooden tree decorations,1.32,576,258
23266,set of 3 wooden stocking decoration,1.31,665,292
23267,set of 4 santa place settings,1.25,244,94
23268,set of 2 ceramic christmas reindeer,1.52,207,78
23269,set of 2 ceramic christmas trees,1.45,188,77
23270,set of 2 ceramic painted hearts,1.44,299,121
23271,christmas table candle silver spike,0.84,228,77
23272,tree t-light holder willie winkie,1.56,92,35
23273,heart t-light holder willie winkie,1.68,260,98
23274,star t-light holder willie winkie,1.75,258,99
23275,set of 3 hanging owls ollie beak,1.29,653,278
23280,folding butterfly mirror hot pink,0.83,318,134
23281,folding butterfly mirror red,0.82,219,94
23282,folding butterfly mirror ivory,0.87,231,104
23283,doormat vintage leaves design,7.91,413,209
23284,doormat keep calm and come in,7.91,1385,652
23285,pink vintage spot beaker,0.85,354,132
23286,blue vintage spot beaker,0.85,442,164
23287,red vintage spot beaker,0.85,399,148
23288,green vintage spot beaker,0.85,359,135
23289,dolly girl childrens bowl,1.25,371,142
23290,spaceboy childrens bowl,1.24,455,174
23291,dolly girl childrens cup,1.27,373,145
23292,space boy childrens cup,1.26,435,165
23293,set of 12 fairy cake baking cases,0.82,1228,467
23294,set of 6 snack loaf baking cases,0.82,740,295
23295,set of 12 mini loaf baking cases,0.82,951,365
23296,set of 6 tea time baking cases,1.24,815,323
23297,set 40 heart shape petit four cases,1.64,373,142
23298,spotty bunting,4.92,2359,1021
23299,food cover with beads set 2,3.79,310,122
23300,gardeners kneeling pad cup of tea,1.67,1443,642
23301,gardeners kneeling pad keep calm,1.66,1794,762
23302,kneeling mat housework  design,1.58,384,190
23303,set 4 picnic cutlery fondant,1.95,17,6
23304,set 4 picnic cutlery cherry,1.95,23,9
23305,set 4 picnic cutlery blueberry,1.95,23,9
23306,set of 36 doilies pantry design,1.46,541,211
23307,set of 60 pantry design cake cases,0.56,1287,515
23308,set of 60 vintage leaf cake cases,0.56,740,312
23309,set of 60 i love london cake cases,0.57,718,307
23310,bubblegum ring assorted,0.43,632,214
23311,vintage christmas stocking,2.55,804,284
23312,vintage christmas gift sack,4.14,434,197
23313,vintage christmas bunting,4.95,907,365
23314,vintage christmas tablecloth,12.44,198,104
23315,ivory refectory clock,9.83,134,76
23316,red refectory clock,9.82,168,95
23317,blue refectory clock,9.87,121,70
23318,box of 6 mini vintage crackers,2.46,843,335
23319,box of 6 mini 50's crackers,2.46,952,373
23320,giant 50's christmas cracker,2.66,752,315
23321,small white heart of wicker,1.64,1391,596
23322,large white heart of wicker,2.95,1180,517
23323,white wicker star,2.1,642,278
23324,rustic strawberry jampot large,2.07,98,39
23325,rustic strawberry jampot small,1.62,85,30
23326,hanging mini coloured bottles,0.62,158,55
23327,hanging clear mini bottle,0.62,97,35
23328,set 6 school milk bottles in crate,3.72,585,285
23329,decorative wicker heart large,1.65,554,232
23330,decorative wicker heart medium,1.25,493,202
23331,decorative wicker heart small,0.63,210,86
23332,ivory wicker heart large,1.65,666,276
23333,ivory wicker heart medium,1.25,567,226
23334,ivory wicker heart small,0.63,257,101
23335,egg frying pan ivory,2.07,157,82
23336,egg frying pan pink,2.11,118,64
23337,egg frying pan mint,2.08,108,60
23338,egg frying pan red,2.07,168,91
23339,egg frying pan blue,2.08,95,58
23340,vintage christmas cake frill,1.65,332,123
23341,pink diner wall clock,8.46,175,98
23342,mint diner wall clock,8.48,263,155
23343,jumbo bag vintage christmas,2.08,996,392
23344,jumbo bag 50's christmas,2.07,1540,592
23345,dolly girl beaker,1.24,316,134
23346,spaceboy beaker,1.24,336,140
23347,i love london beaker,1.25,159,71
23348,childrens toy cooking utensil set,2.07,290,124
23349,roll wrap vintage christmas,1.24,640,251
23350,roll wrap vintage spot,1.25,627,252
23351,roll wrap 50's christmas,1.24,703,275
23352,roll wrap 50's red christmas,1.25,411,163
23353,6 gift tags vintage christmas,0.83,697,257
23354,6 gift tags 50's christmas,0.83,729,269
23355,hot water bottle keep calm,4.87,1586,731
23356,love hot water bottle,5.89,909,459
23357,hot water bottle sex bomb,4.48,174,89
23358,hot stuff hot water bottle,3.44,177,67
23359,set of 12 t-lights vintage doiley,1.93,206,76
23360,set 8 candles vintage doiley,1.94,272,109
23365,set 12 colour pencils love london,0.65,311,131
23366,set 12 colouring pencils doily,0.65,347,144
23367,set 12 colour pencils spaceboy,0.65,572,234
23368,set 12 colour pencils dolly girl,0.65,434,182
23369,set 36 colour pencils love london,1.24,195,98
23370,set 36 colour pencils doiley,1.25,249,108
23371,set 36 colour pencils spaceboy,1.24,287,133
23372,set 36 colour pencils dolly girl,1.24,229,103
23373,vintage christmas paper gift bag,0.82,258,88
23374,red spot paper gift bag,0.82,358,122
23375,50's christmas paper gift bag,0.82,260,88
23376,pack of 12 vintage christmas tissue,0.39,327,117
23377,pack of 12 dolly girl tissues,0.39,212,81
23378,pack of 12 50's christmas tissues,0.39,409,151
23379,pack of 12 red apple tissues,0.39,133,51
23380,pack of 12 vintage doily tissues,0.39,255,96
23381,pack of 12 vintage leaf tissues,0.39,182,65
23382,box of 6 christmas cake decorations,3.71,358,164
23388,woodland mini backpack,4.14,265,135
23389,spaceboy mini backpack,4.14,392,207
23390,dolly girl mini backpack,4.14,265,149
23391,i love london mini backpack,4.14,135,70
23392,spaceboy rocket lolly makers,2.07,162,79
23393,home sweet home cushion cover,3.75,398,203
23394,poste france cushion cover,3.75,220,121
23395,belle jardiniere cushion cover,3.75,338,176
23396,butterfly cushion cover,3.75,317,169
23397,foot stool home sweet home,9.85,296,175
23398,hanging heart bonheur,0.85,151,63
23399,home sweet home hanging heart,0.85,482,185
23400,shelf with 4 hooks home sweet home,6.15,170,96
23401,rustic mirror with lace heart,6.09,131,70
23402,home sweeet home 3 peg hanger,3.74,114,55
23403,letter holder home sweet home,3.71,198,111
23404,home sweet home blackboard,4.86,315,136
23405,home sweet home 2 drawer cabinet,4.91,111,58
23406,home sweet home key holder,6.14,153,94
23407,set of 2 trays home sweet home,9.93,218,118
23408,photo frame linen and lace small,2.08,157,59
23409,photo frame linen and lace large,3.73,105,41
23410,curio cabinet linen and lace,8.03,31,18
23411,trellis coat rack,4.92,95,47
23412,heart mirror antique white,7.39,139,72
23413,vintage coffee grinder box,4.89,83,43
23414,zinc box sign home,9.9,97,62
23415,home sweet home hook,1.37,102,45
23416,chambre hook,1.16,40,18
23417,bathroom hook,1.13,48,22
23418,lavender toilette bottle,2.07,140,60
23419,home sweet home bottle,2.08,138,61
23420,pantry hook tea strainer,2.08,59,28
23421,pantry hook spatula,2.08,55,26
23422,pantry hook balloon whisk,2.08,69,31
23423,pantry 3 hook rolling pin hanger,3.75,114,51
23424,gingham recipe book box,4.93,196,103
23425,storage tin home sweet home,2.05,96,35
23426,metal sign drop your pants,2.85,387,173
23427,stool home sweet home,12.3,151,107
23428,ivory retro kitchen wall clock,8.11,49,26
23429,red retro kitchen wall clock,8.15,39,20
23430,blue retro kitchen wall clock,8.15,30,17
23431,natural hanging quilted hearts,0.83,200,69
23432,pretty hanging quilted hearts,0.83,205,70
23433,hanging quilted patchwork apples,0.83,240,82
23434,3 raffia ribbons 50's christmas,0.9,395,135
23435,3 raffia ribbons vintage christmas,0.91,130,44
23436,gift bag large vintage christmas,1.24,268,92
23437,50's christmas gift bag large,1.25,324,111
23438,red spot gift bag large,1.25,281,98
23439,hand warmer red love heart,2.09,898,386
23440,paint your own eggs in crate,2.02,11,5
23441,hand painted hanging easter egg,0.42,8,3
23442,12 hanging eggs hand painted,2.08,17,8
23444,next day carriage,15.19,79,79
23445,ice cream bubbles,0.83,282,95
23446,blue bunny easter egg basket,1.58,7,3
23447,pink bunny easter egg basket,1.6,8,4
23448,cream bunny easter egg basket,1.65,7,3
23449,set of 6 easter rainbow chicks,1.25,3,1
23451,square mini portrait frame,1.94,113,45
23452,heart mini portrait frame,1.95,214,81
23453,oval  mini portrait frame,1.94,117,48
23454,set of 3 mini hanging portraits,4.14,84,49
23455,small parlour picture frame,2.87,82,35
23456,medium parlour picture frame,4.12,70,36
23457,large parlour picture frame,4.92,54,29
23458,dolly cabinet 3 drawers,14.95,51,30
23459,dolly cabinet 2 drawers,12.5,33,19
23460,sweetheart wall tidy,9.9,77,43
23461,sweetheart bird house,4.14,141,89
23462,rococo wall mirror white,19.75,65,44
23463,vintage zinc watering can,9.95,12,7
23464,vintage zinc watering can small,4.95,10,6
23465,tuscan villa feeding station,8.25,24,15
23466,tuscan villa dovecote,8.21,37,21
23467,vintage zinc planter,3.29,12,5
23468,tuscan villa bird table,8.25,17,11
23469,card holder love bird small,4.12,144,63
23470,card holder love bird large,6.22,141,75
23471,six drawer office tidy,9.75,44,26
23472,nine drawer office tidy,14.79,45,30
23473,woodland small red felt heart,0.83,120,43
23474,woodland small blue felt heart,0.83,73,28
23475,woodland small pink felt heart,0.83,72,26
23476,woodland large red felt heart,1.25,52,18
23477,woodland large blue felt heart,1.25,22,8
23478,woodland large pink felt heart,1.23,26,10
23479,wire egg basket,7.78,73,40
23480,mini lights woodland mushrooms,3.73,401,176
23481,pearlised ivory heart small,1.24,67,30
23482,pearlised ivory heart large,1.64,83,36
23483,hanging  butterfly t-light holder,1.23,200,67
23484,heart trellistriple t-light holder,2.86,61,26
23485,botanical gardens wall clock,24.16,109,80
23486,antique heart shelf unit,16.45,99,68
23487,sweet heart cake carrier,9.87,62,42
23489,"garland, vintage bells",2.89,359,143
23490,t-light holder hanging love bird,3.74,232,95
23491,vintage jingle bells heart,8.25,147,77
23492,vintage jingle bells wreath,8.25,50,26
23493,vintage doily travel sewing kit,1.95,911,358
23494,vintage doily deluxe sewing kit,5.93,344,177
23495,set of 3 pantry wooden spoons,1.25,58,24
23496,pantry kitchen thermometer,1.25,42,22
23497,classic chrome bicycle bell,1.44,448,177
23498,classic bicycle clips,1.44,206,89
23499,set 12 vintage doily chalk,0.42,225,96
23500,key ring baseball boot assorted,1.24,235,88
23501,key ring baseball boot union jack,1.24,225,87
23502,playing cards vintage doiley,1.25,206,88
23503,playing cards keep calm & carry on,1.25,851,334
23504,playing cards jubilee union jack,1.25,468,199
23505,playing cards i love london,1.24,235,106
23506,mini playing cards spaceboy,0.42,326,132
23507,mini playing cards buffalo bill,0.42,251,109
23508,mini playing cards dolly girl,0.42,275,114
23509,mini playing cards fun fair,0.42,129,55
23510,mini playing cards gymkhana,0.42,233,100
23511,embroidered ribbon reel emily,2.07,206,86
23512,embroidered ribbon reel rosie,2.06,111,49
23513,embroidered ribbon reel susie,2.07,148,62
23514,embroidered ribbon reel sally,2.07,156,62
23515,embroidered ribbon reel daisy,2.07,142,60
23516,embroidered ribbon reel sophie,3.73,86,42
23517,embroidered ribbon reel rebecca,2.87,117,51
23518,embroidered ribbon reel rachel,2.87,95,41
23519,embroidered ribbon reel claire,3.7,47,19
23520,embroidered ribbon reel ruby,3.73,56,30
23521,cat and bird wall art,2.62,56,22
23522,dog and ball wall art,2.58,51,21
23523,treasure ahoy wall art,3.66,95,38
23524,horse & pony wall art,3.66,106,51
23525,buffalo bill wall art,3.66,98,44
23526,dog licence wall art,5.81,180,92
23527,animals and nature wall art,3.68,100,43
23528,spaceboy wall art,3.63,83,34
23529,dolly girl wall art,3.61,74,30
23530,wall art only one person,4.75,193,74
23531,wall art big love,6.74,198,98
23532,wall art work rest and play,4.47,51,26
23533,wall art garden haven,5.15,57,31
23534,stop for tea wall art,5.88,384,195
23535,bicycle saftey wall art,5.87,323,163
23536,village show wall art,5.87,136,74
23537,i love london wall art,4.84,42,21
23538,wall art vintage heart,4.79,55,27
23539,wall art loves' secret,5.8,65,35
23540,wall art the magic forest,6.14,18,10
23541,wall art classic puddings,8.11,235,120
23542,70's alphabet wall art,8.05,139,70
23543,keep calm wall art,7.86,191,96
23544,wall art mid century modern,7.52,39,20
23545,wrap red doiley,0.42,252,84
23546,wrap paisley park,0.42,360,120
23547,wrap flower shop,0.42,186,62
23548,wrap magic forest,0.42,129,43
23549,wrap bird garden,0.42,153,51
23550,wrap alphabet poster,0.42,189,63
23551,pack of 12 paisley park tissues,0.39,264,97
23552,bicycle puncture repair kit,2.06,269,110
23553,landmark frame camden town,12.38,96,62
23554,landmark frame oxford street,12.39,83,54
23555,landmark frame notting hill,12.41,80,49
23556,landmark frame covent garden,12.38,84,52
23557,landmark frame baker street,12.39,42,29
23558,landmark frame london bridge,12.4,72,47
23559,woodland bunnies lolly makers,2.07,169,75
23560,set of 6 ribbons country style,2.87,50,20
23561,set of 6 ribbons party,2.86,36,13
23562,set of 6 ribbons perfectly pretty,2.88,91,37
23564,egg cup milkmaid ingrid,1.24,112,42
23565,egg cup milkmaid helga,1.25,82,31
23566,egg cup milkmaid heidi,1.24,126,46
23567,egg cup henrietta hen pink,1.25,49,19
23568,egg cup henrietta hen cream,1.23,75,28
23569,tradtional alphabet stamp set,4.95,364,178
23570,traditional pick up sticks game,1.25,570,241
23571,traditional naughts & crosses,1.65,551,221
23574,packing charge,7.5,14,14
23575,snack tray paisley park,1.94,57,24
23576,snack tray red vintage doily,1.94,69,30
23578,snack tray red gingham,1.95,27,11
23579,snack tray i love london,1.94,49,24
23580,snack tray happy forest,1.95,49,21
23581,jumbo bag paisley park,2.06,781,309
23582,vintage doily jumbo bag red,2.07,607,237
23583,lunch bag paisley park,1.64,736,305
23597,paper bunting paisley park,2.91,62,28
23598,paper bunting vintage party,2.93,104,42
23630,set 10 cards hanging baubles 17080,2.99,1,1
23660,henrietta hen mug,1.65,86,31
23661,milk maids mug,1.65,64,24
23664,flower shop design mug,1.65,1,1
23681,lunch bag red vintage doily,1.64,299,119
23691,keep calm birthday wrap,0.42,114,38
23692,wrap a pretty thank you,0.42,6,2
23694,paisley park card,0.42,72,24
23695,doily thank you card,0.42,130,44
23697,a pretty thank you card,0.42,81,27
23702,high resolution image,8.5,4,3
23843,"paper craft , little birdie",2.08,3,1
35001B,hand open shape black,3.49,10,5
35001G,hand open shape gold,3.71,129,62
35001P,hand open shape pink,3.49,2,2
35001W,hand open shape deco.white,3.4,189,110
35004B,set of 3 black flying ducks,4.66,279,121
35004C,set of 3 coloured  flying ducks,5.15,529,229
35004G,set of 3 gold flying ducks,5.23,132,65
35004P,set of 3 pink flying ducks,5.04,39,21
35004S,set of 3 silver flying ducks,4.42,38,16
35015,jacobs ladder small,0.06,108,38
35051B,pink beaded cone christmas,0.42,6,2
35071,assorted santa christmas decoration,0.85,12,5
35085E,ivory rose lampshade,1.17,22,9
35095A,blue victorian fabric oval box,0.42,210,78
35095B,red victorian fabric oval box,0.41,246,92
35096A,blue victorian fabric heart box,0.41,52,19
35096B,red victorian fabric heart box,0.41,55,21
35160,buddha incense holder assorted,0.82,141,53
35233,pasta enamel/brass container,3.75,10,8
35240,enamel blue rim oval tray set/2,8.49,46,38
35241,enamel blue rim biscuit bin,4.88,158,94
35265,colourful flower fruit bowl,3.55,18,15
35271S,gold print paper bag,0.2,52,18
35400,wooden box advent calendar,8.88,653,335
35443,rasta in bath w spliff ashtray,0.85,12,9
35471A,set of 3 bird l.blue feather,1.19,110,56
35471D,set of 3 bird light pink feather,0.72,480,213
35537,candle ring w/clear beads,0.42,8,3
35591T,turquoise christmas tree,1.25,13,9
35594,wooden christmas tree 3 hanging,0.42,52,21
35596,wood xmas tree 9 fig shelves,0.85,9,4
35597A,dusty pink christmas tree 30cm,1.25,7,4
35597B,blackchristmas tree 30cm,1.25,9,6
35597D,pink/white christmas tree 30cm,0.58,14,8
35598A,dusty pink christmas tree 60cm,2.95,6,3
35598B,black christmas tree 60cm,1.75,110,48
35598C,white christmas tree 60cm,2.95,3,3
35598D,pink/white christmas tree 60cm,0.8,135,52
35599B,black christmas tree 120cm,5.15,86,38
35599D,pink and white christmas tree 120cm,2.77,93,39
35600D,pink and white christmas tree 180cm,5.87,28,12
35603B,s/16 black shiny/mat baubles,0.42,3,1
35603C,set/16 white shiny & matt baubles,0.71,43,23
35607A,pink fluffy christmas decoration,0.19,72,28
35607B,black feather christmas decoration,0.19,41,16
35609A,pink feather christmas decoration,0.25,51,18
35610A,pink christmas flock droplet,1.04,23,8
35610B,black christmas flock droplet,1.13,33,14
35610C,white christmas flock droplet,1.11,15,6
35611B,black assorted droplet decoration,0.38,8,3
35633B,blue tinsel garland,0.19,30,12
35637A,ivory string curtain with pole,3.82,92,45
35637C,pink string curtain with pole,4.12,33,16
35638A,pink and black string curtain,3.95,9,6
35638B,pink/blue string curtain,3.45,17,8
35644,pair pink/black coathangers,1.95,14,8
35645,vintage bead pink jewel box,4.25,38,24
35646,vintage bead pink evening bag,1.81,126,53
35647,vintage bead pink shade,1.23,116,44
35648,vintage bead pink purse,1.22,169,71
35649,vintage bead cosmetic bag,3.14,38,22
35650,vintage bead pink jewel stand,4.95,3,3
35651,vintage bead pink scarf,2.48,96,38
35652,vintage bead chaise long jewel box,3.62,5,2
35653,vintage bead notebook,2.95,111,56
35654,vintage bead filled pink cushion,4.95,9,5
35751C,purple current candle ring,0.47,6,2
35751D,pink current candle ring,0.19,3,1
35793,s/3 puppies christmas decorations,2.02,25,9
35809A,enamel pink tea container,1.6,269,111
35809B,enamel blue rim tea container,2.04,44,22
35810A,enamel pink coffee container,1.41,281,105
35810B,enamel blue rim coffee container,1.67,121,50
35811A,enamel pink sugar container,1.89,110,47
35815B,"acrylic jewel snowflake,blue",0.38,6,2
35815P,"acrylic jewel snowflake, pink",1.12,17,7
35816B,"acrylic jewel angel,blue",0.82,4,2
35816P,"acrylic jewel angel,pink",0.75,18,7
35817B,"acrylic jewel snowflake,blue",1.46,4,2
35817P,"acrylic jewel snowflake,pink",1.25,29,10
35818B,"acrylic jewel icicle, blue",0.54,22,8
35818P,"acrylic jewel icicle, pink",0.38,54,20
35819B,"acrylic hanging jewel,blue",0.54,79,32
35819P,"acrylic hanging jewel,pink",0.5,19,7
35821B,"jewelled decoration,blue",0.38,9,3
35821P,"jewelled decoration,pink",2.95,2,2
35822B,"acrylic bead chain, blue",0.38,3,1
35822P,"acrylic bead chain, pink",0.38,3,1
35823P,"acrylic bead garland,pink",2.95,2,2
35824B,"hanging flowers+mirror,blue",0.38,15,5
35824C,"hanging flowers+mirror,clear",0.94,22,8
35824P,"hanging flowers+mirror,pink",0.75,9,3
35832,woolly hat sock glove advent string,3.0,423,164
35833G,4 gold flock christmas balls,1.44,58,29
35833P,4 pink flock christmas balls,1.38,80,43
35837,set of six silver+red flock baubles,0.85,2,1
35838A,s/6 multicolour ornamenetal candle,1.21,37,18
35838B,s/6 silver ornamenetal candle,0.85,46,24
35840,flat glass  bauble white flock,1.19,15,5
35909A,rabbit easter decoration,2.95,11,5
35909B,pink flowers rabbit easter,2.95,12,7
35910A,multicolour easter rabbit,1.95,29,12
35910B,pink flowers rabbit easter,1.95,15,6
35911A,multicolour rabbit egg warmer,1.5,93,42
35911B,pink/flower rabbit egg warmer,2.1,30,13
35912B,white/pink chick decoration,1.24,58,26
35913B,white/pink chick easter decoration,0.85,43,21
35914,pink chick egg warmer + egg cup,1.6,66,30
35915A,cream knitted hen,1.27,3,1
35915B,blue knitted hen,1.64,78,32
35915C,peach knitted hen,1.63,58,23
35916A,yellow felt hanging heart w flower,0.85,18,7
35916B,blue felt hanging heart w flower,0.85,13,5
35916C,pink felt hanging heart w flower,0.85,25,9
35918B,blue floribunda egg warmer,1.25,9,5
35920,four rabbit easter decorations,1.19,50,20
35921,easter bunny hanging garland,1.25,64,27
35922,easter bunny wreath,4.92,42,21
35923,candy heart hanging decoration,0.77,175,67
35924,hanging fairy cake decoration,2.02,260,104
35930,pink heart christmas decoration,0.38,1,1
35931,pink star christmas decoration,0.48,38,15
35932,pink christmas tree decoration,0.54,20,10
35933,pink stocking christmas decoration,0.38,62,23
35936,cerise+gold christmas tree dec,0.38,20,9
35937,cerise+gold christmas stocking dec,0.38,47,17
35945,gold christmas stocking decoration,1.95,1,1
35950,folkart heart christmas decorations,1.25,1,1
35951,folkart bauble christmas decoration,0.75,106,40
35953,folkart star christmas decorations,0.63,303,109
35954,small folkart star christmas dec,0.34,176,67
35955,small folkart christmas tree dec,0.37,10,5
35957,smallfolkart bauble christmas dec,0.33,156,62
35958,folkart zinc star christmas dec,0.85,186,70
35961,folkart zinc heart christmas dec,0.84,1066,406
35962,12 ass zinc christmas decorations,2.1,148,64
35963,folkart zinc clip on angel wings,0.38,28,13
35964,folkart clip on stars,0.84,140,58
35965,folkart heart napkin rings,2.4,168,82
35966,folkart christmas tree t-light hold,0.38,56,20
35967,folk art metal star t-light holder,0.4,168,59
35968,folk art metal heart t-light holder,0.38,153,57
35969,folkart crown table decorations,1.46,84,40
35970,zinc folkart sleigh bells,1.71,1472,558
35971,rose folkart heart decorations,1.27,292,129
35972,daisy folkart heart decoration,1.25,116,52
35973,geranium folkart heart decoration,1.25,30,16
35974,s/6 christmas tree place setting,3.75,1,1
35976B,white scandinavian heart christmas,1.25,1,1
35979,six string scandinavian heart decs,2.95,40,20
35980B,red top scandinavian heart,0.38,4,2
35980C,redwhite stripe scandinavian heart,0.38,76,28
35981C,white snow scandinavian stocking,0.49,162,65
35991,set/6 black snowflake t-lights,0.58,110,49
35995,set/6 black glitter reindeer candle,0.84,4,4
35999,s/6 scandinavian heart t-light,2.55,1,1
37112,yellow birds felt des foodcover,3.75,9,5
37326,fairy design mugs,1.25,1,1
37327,asstd multicolour circles mug,0.58,153,55
37330,spots mug,1.78,66,22
37333,"retro ""tea for one""",4.49,51,34
37340,multicolour spring flower mug,0.53,275,96
37342,spotty coffee cup & saucer,1.04,191,72
37343,spots design mug w pink inside,1.59,204,73
37345,asstd hearts design mugs,1.9,16,6
37348,set of 4 pastel stacking mugs,2.55,9,6
37351,orange flower mug,0.96,19,7
37352,bird in tree mug,1.11,19,8
37370,retro coffee mugs assorted,1.22,937,351
37379A,pink cherry blossom cup & saucer,1.25,15,5
37379B,blue cherry blossom cup & saucer,0.88,9,3
37399,"ass retrospoof mugs,sports",0.97,13,6
37408,assorted design geisha girl mugs,1.25,3,1
37409,assorted design flower mugs,0.85,5,3
37410,black and white paisley flower mug,1.04,51,18
37413,icon mug revolutionary,0.41,193,81
37422,white with black cats bowl,0.82,60,27
37423,white with black cats plate,0.75,67,25
37424,white with black cats mug,0.8,108,47
37432,mug pink and purple arabic design,0.65,3,1
37438,funky flower coffee pot,3.75,1,1
37441,assorted white embossed china mugs,2.06,115,39
37444A,yellow breakfast cup and saucer,1.65,49,26
37444B,blue breakfast cup and saucer,2.62,28,17
37444C,pink breakfast cup and saucer,1.99,32,17
37446,mini cake stand with hanging cakes,1.42,772,315
37447,ceramic cake design spotted plate,1.48,673,266
37448,ceramic cake design spotted mug,1.48,1114,449
37449,ceramic cake stand + hanging cakes,9.58,831,411
37450,ceramic cake bowl + hanging cakes,2.88,759,320
37451,ceramic cake teapot with cherry,4.95,1,1
37461,funky monkey mug,1.21,135,67
37462B,"pet mug, budgie",0.42,13,5
37462E,"pet mug, goldfish",0.34,19,9
37464,robot mug in display box,1.24,93,47
37467,pig mug in two colour designs,0.72,60,28
37468,hardman mug 3 assorted,0.39,27,12
37471,multicolour dots plate,0.48,11,4
37474,set/4 2 tone egg shape mixing bowls,9.88,51,40
37475,set/4 colourful mixing bowls,9.81,72,51
37476,condiment tray 4 bowls and 4 spoons,9.84,36,27
37477B,"flower fairy mug+coaster,lavender",3.75,10,9
37477C,"flower fairy mug+coaster,rose",3.75,3,1
37479B,cubic mug flock blue on brown,1.16,55,24
37479P,cubic mug flock pink on brown,0.77,58,23
37481,cubic mug teatime cakes,2.55,3,1
37482B,cubic mug blue polka dot,1.82,19,7
37482P,cubic mug pink polka dot,1.47,171,62
37483,english rose mug in gift box,2.46,20,12
37484,english rose tea for one gift box,6.75,1,1
37485,english rose tea set in gift box,4.6,26,16
37487B,yellow/orange flower design plate,0.29,6,2
37488A,yellow pink flower design big bowl,1.41,10,5
37489A,yellow/pink flower design big mug,0.96,35,22
37489B,blue/yellow flower design big mug,1.03,29,17
37489C,green/blue flower design big mug,1.01,18,10
37489D,pink/green flower design big mug,0.76,36,21
37491A,yellow/pink ceramic candle holder,1.65,7,5
37491B,blue/yellow ceramic candle holder,1.65,8,5
37491C,green/blue ceramic candle holder,1.65,11,7
37491D,purple/blue ceramic candle holder,1.65,9,5
37492A,yellow red flower piggy bank,3.75,17,10
37492B,blue yellow flower piggy bank,3.53,83,43
37492C,green blue flower piggy bank,3.78,43,24
37492D,purple green flower piggy bank,3.78,42,24
37494A,fairy cake ceramic butter dish,2.9,57,25
37495,fairy cake birthday candle set,3.72,577,289
37500,tea time teapot in gift box,8.52,415,217
37501,tea time tea set in gift box,6.94,268,146
37502,tea time mug in gift box,2.94,337,150
37503,tea time cake stand in gift box,10.62,956,466
37506,new england milk jug w gift box,5.95,26,22
37508,new england ceramic cake server,2.55,70,44
37509,new england mug w gift box,2.55,22,14
40001,white bamboo ribs lampshade,0.81,199,73
40002,white bamboo ribs lampshade,0.85,3,1
40003,white bamboo ribs lampshade,1.2,124,48
40005B,blue organdy round lampshade w bea,0.85,24,13
40016,chinese dragon paper lanterns,0.44,584,197
40018E,tea time paper lanterns,1.94,111,48
40018F,cherry design paperlanterns,1.94,225,98
40046A,red daisy paper lampshade,1.24,85,34
40046C,pink butterfly paper lampshade,1.25,3,3
44089A,pink gauze butterfly lampshade,0.42,25,12
44089C,lilac gauze butterfly lampshade,0.42,41,18
44091A,blue crusoe check lampshade,0.42,12,6
44091C,multicolour crusoe check lampshade,0.42,19,10
44092B,blue white plastic rings lampshade,0.85,10,6
44092C,purple/copper hanging lampshade,0.85,14,8
44217M,multicolour feathers curtain,3.62,9,3
44228,cannabis leaf bead curtain,0.85,9,3
44230,square mirror curtain,7.62,85,44
44234,assorted circular mobile,0.21,104,44
44235,ass col circle mobile,0.42,54,24
44236,pink/purple circle curtain,2.87,26,13
44241C,blue butterfly on spring,0.85,15,7
44242A,lilac feathers curtain,1.02,5,2
44242B,pink feathers curtain,1.14,21,8
44265,m/colour pom-pom curtain,4.25,7,4
45008C,decorative net canopy cream,8.6,41,20
45013,folding shoe tidy,2.9,16,8
45014,folding shirt tidy,4.65,1,1
45016,decorative net canopy leopard,3.61,19,9
46000M,polyester filler pad 45x45cm,1.55,826,343
46000P,polyester filler pad 65cmx65cm,4.25,105,48
46000R,polyester filler pad 45x30cm,1.45,118,59
46000S,polyester filler pad 40x40cm,1.45,919,369
46000U,polyester filler pad 30cmx30cm,1.25,111,51
46037A,pink canvas des cushion cover,1.25,4,2
46115B,green pop art mao cushion cover,0.19,59,22
46118,funky monkey cushion cover,0.85,87,36
46126A,elvis wallhanging / curtain,1.25,79,34
46137D,green chenille shaggy rug,2.95,8,3
46138B,blue chenille shaggy cushion cover,1.37,35,19
46138D,green chenille shaggy c/cover,1.95,1,1
46307,roses blue base cushion cover,1.65,9,4
46775A,bubble gum chunky knitted throw,16.95,5,4
46775B,berries chunky knitted throw,16.95,5,4
46775D,sunset colour chunky knitted throw,16.95,46,32
46775E,candy pop chunky knitted throw,16.95,14,10
46776A,woven bubble gum cushion cover,4.4,39,20
46776B,woven berries cushion cover,4.4,41,20
46776C,woven frost cushion cover,4.54,35,18
46776D,woven sunset cushion cover,4.95,17,9
46776E,woven candy cushion cover,4.28,24,11
46776F,woven rose garden cushion cover,4.51,35,17
47013A,wine bottle dressing lt.blue,0.28,54,25
47013C,wine bottle dressing dark blue,0.25,54,23
47016,light decoration battery operated,2.1,10,5
47021G,set/6 bead coasters gauze bag gold,1.04,96,46
47310M,"small pop box,funky monkey",1.28,178,82
47341A,fuschia table run flower,2.32,13,7
47341B,blue table run flower,1.79,25,14
47343A,fuschia flower purse with beads,1.19,54,24
47344B,blue flower des purse,1.08,22,10
47347B,blue flower t-light holder,1.13,16,7
47348A,fuschia voile pointy shoe dec,0.78,37,16
47351B,blue  voile lampshade,2.92,32,14
47367B,pair padded hangers pink check,3.71,70,39
47369A,pink green embroidery cosmetic bag,2.95,16,10
47369B,blue green embroidery cosmetic bag,3.23,16,10
47420,assorted colour suction cup hook,0.19,68,30
47421,assorted colour lizard suction hook,0.41,187,79
47422,assorted monkey suction cup hook,0.41,154,66
47469,assorted shapes photo clip silver,0.63,81,33
47471,rainbow pegs photo clip string,0.68,79,41
47480,hanging photo clip rope ladder,1.75,229,99
47481,50cm metal string with  7 clips,0.85,73,35
47502,polkadot cutlery 24 pcs in tray,11.59,120,58
47503A,ass floral print multi screwdriver,0.62,470,196
47503E,ass floral print scissors,1.2,49,22
47503F,ass floral print torch,1.52,26,11
47503G,ass floral print tape measure,1.24,58,25
47503H,ass floral print spirit level,1.38,79,51
47503J,set/3 floral garden tools in bag,7.7,97,42
47503K,assorted floral secateurs,1.87,69,34
47504E,english rose scissors,1.22,73,37
47504F,english rose torch,1.54,25,13
47504G,english rose tape measure,1.25,89,47
47504H,english rose spirit level,1.33,223,104
47504J,english rose set/3 garden tools,7.95,3,2
47504K,english rose garden secateurs,1.36,584,268
47505,minature coloured gardening set,4.85,328,162
47518F,icon placemat pop art elvis,0.17,82,31
47552A,dots ironing board cover,1.95,12,11
47554,s/3 colours flock tea towels,2.55,1,1
47556,set/2 spotty + rose tea towels,2.55,1,1
47556B,tea time tea towels,2.94,993,411
47559B,tea time oven glove,1.26,1484,619
47562,english rose ironing board cover,3.75,78,42
47563A,retro longboard ironing board cover,1.98,100,62
47563B,waveline surf ironing board cover,3.75,7,6
47566,party bunting,4.77,5102,2098
47566B,tea time party bunting,4.73,1505,661
47567B,tea time kitchen apron,5.89,672,324
47568,english rose design peg bag,2.09,795,321
47569,english rose design shopping bag,2.55,1,1
47570,english rose table cloth,10.62,120,67
47570B,tea time table cloth,10.54,360,189
47574A,english rose scented hanging flower,1.73,126,61
47574B,english rose scented hanging heart,4.25,40,28
47578A,english rose small scented flower,0.85,115,53
47579,tea time breakfast basket,2.1,92,44
47580,tea time des tea cosy,2.54,582,266
47581B,fairy cake wicker picnic basket,12.75,33,26
47583A,set of 3 wicker basket rose,21.36,7,5
47583B,set of 3 wicker basket tea and cake,21.96,10,6
47585A,pink fairy cake cushion cover,3.21,188,83
47586A,pink fairy cake cushion cover,2.12,60,28
47587A,pink fairy cake coaster,0.39,27,9
47589,congratulations bunting,5.45,116,71
47590A,blue happy birthday bunting,5.43,1310,634
47590B,pink happy birthday bunting,5.41,1659,815
47591A,carousel des child's apron,1.65,61,36
47591B,scotties des child's apron,1.65,273,138
47591C,blue fairy cake child's apron,1.93,308,146
47591D,pink fairy cake child's apron,1.95,2529,1042
47592A,carousel des child's overall,2.1,82,36
47592B,scotties design child's overall,2.1,35,18
47593A,carousel design baby bib,1.05,80,44
47593B,scotties design baby bib,0.68,276,129
47594A,carousel design washbag,1.95,150,74
47594B,scotties design washbag,1.95,167,83
47597,new england teatowels,2.55,84,43
47598,new england egg warmer,0.55,53,23
47599A,pink party bags,2.07,837,329
47599B,blue party bags,2.08,667,265
48103,door mat kiss my.......,7.05,18,10
48111,door mat 3 smiley cats,7.32,1132,573
48116,door mat multicolour stripe,7.31,755,385
48129,door mat topiary,7.51,931,491
48138,door mat union flag,7.41,3197,1515
48173A,door mat blue flock,6.75,1,1
48173C,door mat black flock,7.42,859,461
48175,door mat camouflage,4.0,3,1
48179,door mat sweet home,6.29,10,6
48184,door mat english rose,7.49,1476,755
48185,door mat fairy cake,7.46,1476,740
48187,door mat new england,7.5,2218,1153
48188,door mat welcome puppies,7.52,1126,597
48189,door mat friendship,7.18,390,207
48194,doormat hearts,7.54,2229,1141
48195,door mat green paisley,7.13,113,73
48197,door mat bird on the wire,7.06,253,137
51008,afghan slipper sock pair,3.39,203,72
51012C,"feather duster, coal black",1.25,55,27
51012L,"feather duster, light pink",1.25,10,6
51014A,"feather pen,hot pink",0.63,732,247
51014C,"feather pen,coal black",0.65,512,176
51014L,"feather pen,light pink",0.64,480,165
51020A,summer fun design shower cap,0.82,106,49
51020B,stripy design shower cap,0.96,130,60
62018,sombrero,1.79,294,123
62043B,blue check bag w handle 34x20cm,1.24,21,10
62074B,elephant clip w suction cup,0.42,20,11
62086A,pink retro big flower bag,1.95,48,22
62094B,turq ice cream bum bag,2.28,62,27
62095B,turqoise ice cream sunhat,1.46,46,19
62096A,pink/yellow flowers handbag,1.36,129,52
62096B,purple/turq flowers handbag,1.38,102,47
62097A,pink stripes shoulder bag,2.95,1,1
62097B,blue stripes shoulder bag,1.36,9,4
70006,love heart pocket warmer,1.4,427,176
70007,hi tec alpine hand warmer,1.49,235,105
71028B,silver blue egg t-light holder,0.86,19,8
71038,white hanging beads candle holder,5.41,301,145
71050,small single flame candle holder,0.35,21,8
71053,white metal lantern,3.71,1357,612
71101A,angel on knees metal pole 100cm h,0.85,3,1
71101E,standing fairy pole support,0.84,139,48
71143,silver book mark with beads,0.85,31,13
71215,metal base for candles,0.41,33,12
71270,photo clip line,1.27,113,55
71279,pink glass candleholder,2.94,127,53
71403,"pink/white ""keep clean"" bullet bin",2.95,57,27
71406C,black orange squeezer,0.42,73,31
71434B,"black rnd bullet""keep clean"" bin",2.55,1,1
71459,hanging jam jar t-light holder,0.83,2635,886
71477,colour glass. star t-light holder,3.24,1708,701
71495A,cd wall tidy blue office,0.4,19,9
71495B,cd wall tidy red flowers,0.4,30,12
71496A,a4 wall tidy blue office,0.58,22,8
71496B,a4 wall tidy red flowers,0.59,10,6
71510,square metal candleholder base,0.79,38,17
72008,frosted box 9 white t-light candles,0.42,528,198
72023F,red organic candle in glass,1.22,101,40
72024U,lilac votive candle,0.21,29,10
72038P,price's candle peach,0.15,27,9
72045D,roses on blue teacup candle,1.69,9,3
72051S,bag of silver stones,0.42,40,20
72083A,strawbery swirl flare candle,2.1,15,7
72084B,chocolate ice cream candle,1.95,2,1
72122,coffee scent pillar candle,0.95,215,97
72127,columbian candle round,1.24,126,61
72128,columbian candle round,0.8,156,81
72129,columbian candle round,0.65,35,17
72130,columbian candle round,0.57,121,52
72131,columbian candle rectangle,1.65,117,57
72132,columbian cube candle,1.68,53,27
72133,columbian candle rectangle,1.22,56,29
72134,columbian  cube candle,0.65,47,21
72140E,best dad candle letters,0.83,52,27
72140F,happy anniversary candle letters,0.42,34,15
72225C,lavender scent cake candle,0.27,105,35
72225D,vanilla scent cake candle,0.27,30,10
72232,feng shui pillar candle,0.19,345,119
72267,premium church candle,2.08,85,41
72349B,set/6 purple butterfly t-lights,2.08,494,241
72351A,set/6 turquoise butterfly t-lights,2.07,784,356
72351B,set/6 pink  butterfly t-lights,2.07,984,433
72369A,pink clear glass candle plate,1.25,23,9
72484,roses in white heart candle,0.97,150,56
72487,roses white round candle,0.98,34,13
72529W,white advent candle,2.09,78,39
72586,"s/6 halloween ghost t lights, 5cm h",0.42,263,108
72598,set/12 taper candles,0.84,216,92
72606A,brown antique cube candle,0.42,47,18
72708,sculpted round ivory candle,0.21,13,5
72709,ivory sculpted rnd candle,0.85,30,13
72715,spherical ivory candle,0.42,35,12
72724,set/6 christmas icicle t-lights,1.25,18,10
72728,rose scent candles in glass,0.84,146,51
72739B,white chocolate scent candle,0.89,27,10
72739C,dark chocolate scentcandle,1.03,30,11
72740A,large strawberry chocolate candle,2.03,13,5
72741,grand chocolatecandle,1.42,2449,825
72750A,"f.fairy s/3 candle/glass,lily/vally",2.45,45,16
72750B,"f.fairy s/3 candle/glass,lavender",3.0,100,38
72750C,"f.fairy s/3 candle/glass, rose",2.75,42,15
72750D,f.fairy s/3 candle/glass,2.68,30,11
72751A,"f.fairy s/3 sml candle,lily/valley",5.95,1,1
72751B,"f.fairy s/3 sml candle, lavender",5.95,1,1
72751C,"f.fairy s/3 sml candle, rose",5.95,1,1
72752A,"f.fairy,candle in glass,lily/valley",4.25,1,1
72752B,"f.fairy,candle in glass,lavender",4.25,3,2
72753A,s/3 flwr fairy lilly candles,2.63,32,11
72753B,s/3 flwr fairy lavender candles,3.0,36,13
72753C,s/3 flwr fairy rose candles,3.27,14,5
72753D,s/3 flwr fairy summer candles,2.1,27,9
72754A,flower fairy potpourri cushion lily,1.07,15,5
72754B,f fairy potpourri cushions lavender,1.17,22,8
72754D,f fairy potpourri cushions summer,1.69,1,1
72755C,flower fairy oil burner set rose,1.71,36,13
72755D,flower fairy oil burner set summer,1.94,35,13
72756,fairy cake candles,1.47,376,127
72760B,vintage cream 3 basket cake stand,9.84,824,445
72771B,burg flock gold cup/candle,0.42,19,7
72771C,black flock gold candle,0.42,12,4
72772,set/4 scented candles in ramekins,1.88,23,8
72779,set/6 black rose t-light candles,1.69,29,15
72780,black silouette candle plate,0.84,114,43
72781,black silouette candle plate,2.04,32,14
72783,black sil't squ candle plate,2.1,16,7
72785A,s/4 contempory pink rosebud candles,2.1,7,4
72785B,s/4 contempory red rosebud candles,1.57,6,3
72789,basket/8 scented love token candles,3.75,76,45
72793,black box mirror lantern,5.56,19,10
72796A,s/3 english lavender squ candle,1.65,10,6
72796B,s/3 french vanilla squ candle,1.65,21,12
72796C,s/3 rose garden scent squ candle,1.65,1,1
72798C,set/4 garden rose dinner candle,1.65,17,11
72799A,black pillar candle silver flock,2.46,44,18
72799B,purple pillar candle black flock,1.82,24,9
72799C,pink pillar candle silver flock,2.4,83,39
72799D,blue pillar candle silver flock,2.92,27,14
72799E,ivory pillar candle silver flock,2.7,306,133
72799F,ivory pillar candle gold flock,2.7,176,76
72800A,s/4 black dinner candle silver floc,2.23,65,34
72800B,s/4 purple dinner candle blk flock,2.26,150,80
72800C,s/4 pink dinner candle silver flock,2.24,134,68
72800D,s/4 blue dinner candle silver flock,2.4,143,76
72800E,4 ivory dinner candles silver flock,2.25,479,234
72800F,4 ivory dinner candles gold flock,2.3,135,64
72801C,s/4 rose pink dinner candles,1.15,103,47
72801D,s/4 sky blue dinner candles,1.19,94,47
72801E,s/4 festive green dinner candles,1.14,49,23
72801F,s/4 festive red dinner candles,1.25,67,25
72801G,s/4 burgundy wine dinner candles,1.14,121,53
72802A,rose scent candle in jewelled box,4.28,368,170
72802B,ocean scent candle in jewelled box,4.15,398,190
72802C,vanilla scent candle jewelled box,4.16,554,236
72803A,rose scent candle jewelled drawer,4.2,164,91
72803B,ocean scent candle jewelled drawer,4.25,55,36
72805,vanilla candle in embossed zinc pot,1.69,7,3
72807A,set/3 rose candle in jewelled box,4.22,275,139
72807B,set/3 ocean scent candle jewel box,4.22,325,166
72807C,set/3 vanilla scented candle in box,4.21,491,241
72811,small zinc/glass candleholder,1.3,54,20
72812,large zinc/glass candleholder,2.35,40,16
72814,set/3 christmas briar candles,3.73,104,50
72815,3 wick christmas briar candle,3.75,122,60
72816,set/3 christmas decoupage candles,1.25,183,75
72817,set/2 christmas decoupage candles,1.0,304,124
72818,christmas decoupage candle,0.7,286,112
72819,cupid design scented candles,2.17,159,66
72821,cupid scented candle in glass,1.65,31,15
75011,blue daisy mobile,1.39,35,15
75013B,"string of 8 butterflies,pink",1.65,126,62
75049L,large circular mirror mobile,1.12,670,238
75131,metal tube chime on bamboo,1.62,128,62
75149N,string crystals natural,1.25,70,25
75172,painted sea shell metal windchime,2.14,26,11
75178,asstd col butterfly/crystal w/chime,1.09,32,16
77079,dolphin windmill,2.12,27,11
77081,flower windmill,1.23,43,18
77101A,union flag windsock,1.23,150,70
78026,seagrass s/3 squ laundry box,10.0,3,1
78027,seagrass s/2 corner laundry,13.97,4,3
78033,flag of st george chair,5.46,32,14
78034B,blue netting storage hanger,1.95,14,10
78056,camouflage backpack on wheels,9.95,2,1
78124,magazine rack gebra assorted,1.54,67,26
79000,moroccan tea glass,0.83,995,333
79026B,"s/4 icon coaster,elvis lives",0.94,35,22
79029,glass honeypot wasp catcher,1.93,664,298
79030A,"tumbler, english rose",1.65,58,20
79030D,"tumbler, baroque",0.83,120,41
79030G,"tumbler, new england",1.04,275,93
79051A,smokey grey colour d.o.f. glass,0.41,137,50
79062D,"retro tin ashtray,revolutionary",0.38,11,4
79063C,"retro pill box key chain,the king",0.19,32,14
79063D,"retro pill box , revolutionary",0.19,21,10
79065A,teatime round cake tins,9.95,2,1
79066K,retro mod tray,0.88,372,174
79067,corona mexican tray,3.72,550,277
79071B,english rose metal waste bin,2.95,92,60
79072,teatime cake tin with handle,9.71,130,63
79140,ass windproof marijuana lighters,0.42,5,2
79144B,painted lightbulb star+ moon,0.42,96,41
79144C,painted lightbulb rainbow design,0.41,60,23
79149B,silicon star bulb  blue,0.42,18,12
79151B,"silicon cube 25w, blue",0.42,4,2
79157B,ubo-light triobase blue,0.85,4,3
79157V,ubo-light triobase purple,0.85,5,3
79160,heart shape wireless doorbell,2.08,259,141
79161A,st george set of 10 party lights,2.95,32,16
79163,black champagne glass,0.98,168,57
79164,black wine glass,1.3,198,68
79172D,purple tint acrylic flower vase,0.85,10,4
79190A,retro plastic 70's tray,0.42,189,73
79190B,retro plastic polka tray,0.42,232,96
79190D,retro plastic daisy tray,0.42,177,73
79191B,retro plastic polka tray,0.85,116,53
79191C,retro plastic elephant tray,0.84,310,132
79191D,retro plastic daisy tray,0.85,55,31
79192A,retro plastic 70's tray,1.25,52,30
79301,feather heart lights,2.95,1,1
79302M,"art lights,funk monkey",2.86,171,77
79303A,white rohmbic block table lamp,2.95,2,1
79303B,blue star block table lamp,2.95,9,4
79303D,lilac flower block table lamp,2.95,12,7
79308B,mosaic candle dish blue purple,0.85,6,2
79315W,flying saucer table light in white,2.95,18,7
79320,flamingo lights,4.85,256,122
79321,chilli lights,5.15,2153,924
79323B,black cherry lights,6.61,94,48
79323G,gold  cherry lights,6.55,101,51
79323GR,green cherry lights,6.49,157,76
79323LP,light pink cherry lights,6.45,358,159
79323P,pink cherry lights,6.43,532,230
79323S,silver cherry lights,6.64,90,46
79323W,white cherry lights,6.4,729,314
79328,blue flock glass candleholder,0.61,32,11
79329,pink flock glass candleholder,1.29,18,7
79331,pink flock glass candleholder,1.37,24,9
79336,light pink flock glass candleholder,0.86,42,16
79337,blue flock glass candleholder,0.78,51,19
79338,dark pink flock glass candleholder,0.89,28,10
79341,willow branch lights.,6.63,132,64
79342B,brown flower lights,6.7,45,24
79403,frosted white base,0.85,56,23
79406,frosted white base,0.22,43,15
79413,glass wine glass decorations,1.25,16,9
79532,mosaic glass ball candleholder,1.25,45,18
79534,multicolour glass plate,0.55,47,18
81950B,flower blue clock w/sucker,0.64,54,24
81950V,flower purple clock w/sucker,0.7,19,11
81952B,round blue clock w/sucker,0.47,40,16
81952V,round purple clock w/sucker,0.37,90,35
81953B,round articulated blue clock w/suck,0.44,11,8
81953P,round articulated pink clock w/suck,0.52,11,6
81985A,"icon alarm clock,fuschia  pin up",2.55,15,7
82001S,vinyl record frame silver,3.73,473,198
82011A,"bathroom scales, tropical beach",3.75,34,23
82011B,bathroom scales rubber ducks,3.67,60,39
82011C,bathroom scales footprints in sand,3.67,66,42
82011E,"bathroom scales, fag break",3.75,2,2
82069,beech wood p/frame,7.25,3,2
82072,white wood single p/frame,1.25,5,3
82076,beech wood photo frame,1.25,18,6
82081,pink hearts photo album,3.04,34,12
82093,heart shape button frame,2.32,18,7
82095,heart buttons jewellery box,7.65,37,22
82482,wooden picture frame white finish,2.56,4313,1672
82483,wood 2 drawer cabinet white finish,6.19,2209,1062
82484,wood black board ant white finish,6.96,2249,1048
82486,wood s/3 cabinet ant white finish,8.16,2505,1201
82494L,wooden frame antique white,2.9,4629,1790
82545A,cognac aux oeufs metal 1 hook,1.25,21,11
82551,laundry 15c metal sign,1.38,1244,554
82552,washroom metal sign,1.36,1495,660
82553,pop's greasy spoon metal sign,1.65,32,20
82567,"airline lounge,metal sign",2.08,520,290
82578,kitchen metal sign,0.55,1264,552
82580,bathroom metal sign,0.55,2281,940
82581,toilet metal sign,0.55,1741,736
82582,area patrolled metal sign,2.1,1594,702
82583,hot baths metal sign,2.07,1939,837
82585,sweet valencia candle+cup,1.24,44,23
82587,texrio tomatoes candle+cup,1.24,63,33
82597,bombs away metal sign,2.08,358,165
82599,fanny's rest stopmetal sign,2.08,763,359
82600,no singing metal sign,2.07,2371,1011
82605,old doc.russel metal sign,2.1,137,88
82607A,glass bonbon jar parfume aux fleure,1.24,223,88
82607C,glass bonbon jar. superfines,1.25,49,21
82607E,glass bonbon jar. d'amandes,1.25,56,26
82613A,"metal sign,cupcake single hook",1.25,176,81
82613B,"metal sign,cupcake single hook",1.14,206,94
82613C,"metal sign,cupcake single hook",1.12,159,71
82613D,metal sign cupcake single hook,1.13,282,126
82615,pink marshmallow scarf knitting kit,2.9,154,76
82616A,bubble gum scarf knitting kit,2.73,94,46
82616B,frappucino scarf knitting kit,2.02,149,77
82616C,midnight glamour scarf knitting kit,1.95,146,78
84006,magic tree -paper flowers,0.85,355,142
84007,magic garden mount fuji,2.55,73,37
84012,magic sheep wool growing from paper,1.64,340,156
84016,flag of st george car flag,0.42,125,46
84029C,brown furry hot water bottle,3.71,75,38
84029D,leopard print hot water bottle,3.68,19,12
84029E,red woolly hottie white heart.,3.78,2092,966
84029G,knitted union flag hot water bottle,3.82,1627,775
84030B,knitted pom pom hot water bottle,3.75,5,3
84030C,knitted rainbow hot water bottle,3.75,9,5
84030E,english rose hot water bottle,4.25,774,412
84031A,charlie+lola red hot water bottle,4.19,245,135
84031B,charlie lola blue hot water bottle,4.18,195,111
84032A,charlie+lola pink hot water bottle,2.79,694,350
84032B,charlie + lola red hot water bottle,2.76,811,408
84033,flag of st george,1.65,107,45
84050,pink heart shape egg frying pan,1.61,1452,564
84051,ass colour glowing tiaras,0.84,135,53
84077,world war 2 gliders asstd designs,0.26,2744,921
84078A,set/4 white retro storage cubes,38.5,379,234
84081,white ceramic party set (5pcs),4.08,26,15
84086B,yellow/blue retro radio,2.95,22,13
84086C,pink/purple retro radio,2.95,81,34
84192,assorted colour metal cat,1.24,85,39
84199,glow in dark dolphins,0.21,135,65
84201B,happy birthday card stripey teddy,0.19,13,6
84201C,happy birthday card teddy/cake,0.19,6,3
84205C,happy birthday ginger cat card,0.19,2,1
84206A,3 black cats w hearts blank card,0.19,28,10
84206B,cat w sunglasses blank card,0.19,5,2
84206C,champagne tray blank card,0.19,7,4
84212,"assorted flower colour ""leis""",0.62,773,259
84218,box/12 chick & egg in basket,1.95,139,91
84219,box/12 mother & chick in basket/bow,2.53,43,26
84226,hen house w family in barn & nest,0.84,31,17
84227,hen house w chick in nest,0.42,29,13
84228,hen house w chick standing,0.42,51,23
84231,easter bunny with basket on back,0.65,80,35
84247C,pack/12 blue reindeer card,2.95,34,22
84247E,pack/12 xmas fun card,2.94,114,69
84247G,"decoupage,greeting card,",0.42,261,87
84247H,pack/12 decoupage card,2.95,20,14
84247J,pack/12 russian doll cards,2.95,2,2
84247K,"folk art greeting card,pack/12",2.95,35,24
84247L,fawn and mushroom greeting card,0.42,246,82
84247N,pack/12 blue folkart cards,2.95,56,39
84249A,"greeting card,square, doughnuts",0.46,57,20
84249D,fairy cake greetings card,0.42,165,55
84250M,"greeting card, blackpool rock",0.19,3,1
84251B,"greeting card, sticky gordon",0.19,60,22
84251C,"greeting card, two sisters.",0.19,38,14
84251F,"greeting card, rita",0.19,83,31
84251G,"greeting card, overcrowded pool.",0.19,95,34
84251J,"greeting card, the black cat",0.42,12,4
84255A,pink glass cocktail lamp,2.1,2,2
84255B,orange cocktail glass lamp,2.1,26,14
84270,asstd design bubble gum ring,0.21,1153,385
84279B,cherry blossom decorative flask,3.73,340,188
84279P,cherry blossom  decorative flask,3.73,449,242
84288B,set/2 blue  noodle baskets,1.95,36,21
84292,rose pink metal folding chair,7.95,25,12
84292B,blue col metal folding chair,7.21,5,4
84306,s/3 pink square planters roses,10.95,29,19
84311,camoflage cushion cover,1.65,3,1
84313A,pink tv tray table,4.25,27,16
84313B,blue tv tray table,3.92,79,45
84313C,orange tv tray table,3.22,94,47
84327A,pink jumper larry the lamb,2.06,246,117
84340,large fibre optic christmas tree,1.48,11,6
84341B,small pink magic christmas tree,0.69,227,98
84347,rotating silver angels t-light hldr,2.57,1448,550
84352,silver christmas tree bauble stand,16.73,164,118
84356,pompom curtain,6.06,196,94
84358,floor lamp shade wood base,9.28,41,22
84360,table lamp white shade wood base,5.66,76,36
84366,vendetta canvas picture,3.75,2,2
84367,la strega canvas picture,1.95,19,7
84371,big pink poodle,15.21,7,4
84375,set of 20 kids cookie cutters,2.09,1522,632
84378,set of 3 heart cookie cutters,1.29,2353,957
84380,set of 3 butterfly cookie cutters,1.29,1996,820
84387A,bird on branch canvas screen,1.95,3,1
84388,wise man star shape egg pan,1.49,41,23
84396,6 hook jewellery stand black dress,3.58,73,28
84402B,purple dress jewellery stand,1.33,10,4
84402D,pink dress jewellery stand,1.61,30,11
84405A,s/3 pink col metal basket w handle,11.02,68,45
84406B,cream cupid hearts coat hanger,3.38,1703,728
84414B,fuschia/green stripe woolly blanket,10.82,18,8
84415A,pink flock suede cushion cover,2.08,8,3
84415B,blue flock cushion cover,2.92,6,3
84422,pink/blue disc/mirror string,0.71,66,25
84424A,four picture white glass frame,3.75,16,10
84425A,white glass tv triple frame,4.25,14,8
84427B,black glass tv double p/frame 15x10,4.25,8,5
84429A,medium pink buddha head,2.95,53,27
84437A,s/6 pink easter decs in box,0.85,45,19
84447,6 rabbit chain easter,0.85,18,7
84450A,pink rabbit sitting easter,0.42,11,4
84450B,yellow rabbit sat easter,0.42,18,7
84452,metal rabbit ladder easter,0.85,63,27
84454,wobbling metal chicken easter,0.85,32,13
84455,set of 3 rabbit carrots easter,0.85,33,16
84456,set of 3 rabbit egg easter,0.85,20,12
84457,set/3 rabbits flower skippping rope,0.85,93,41
84458,s/3 rabbit flower/egg/carrot rope,0.85,45,19
84459A,pink metal chicken heart,1.48,257,110
84459B,yellow metal chicken heart,1.48,342,141
84461,12 pink hen+chicks in basket,2.55,55,34
84462,3 pink hen+chicks in basket,1.24,25,13
84464,s/60 pink fluffy chicks in box,2.5,21,11
84465,15 pink fluffy chicks in box,2.95,27,20
84466,top secret pen set,1.21,110,49
84467,english rose design quilted throw,21.21,109,45
84469,rose des padded floor cushion,4.37,101,39
84472,pink and lilac quilted throw,44.27,31,25
84482,buttons design jewellery box,3.75,49,29
84493,blue/pink nest stripe box,1.56,11,5
84497,buttons and stripes notebook,3.75,62,34
84499,black flower candle plate,0.83,55,20
84507B,stripes design monkey doll,2.36,186,90
84507C,blue circles design monkey doll,2.42,117,63
84508A,camoflage design teddy,2.44,210,105
84508B,stripes design teddy,2.55,113,65
84508C,blue circles design teddy,2.55,66,36
84509A,english rose placemats,3.76,520,270
84509B,fairy cake placemats,3.72,263,141
84509C,dotty placemats,3.71,97,54
84509E,carousel placemats,2.63,23,12
84509F,new england placemats,3.68,79,43
84509G,fairy cake placemats,3.35,246,125
84510A,set of 4 english rose coasters,1.26,729,310
84510B,set of 4 fairy cakes coasters,1.24,248,101
84510C,set of 4 polkadots coasters,1.28,118,67
84510E,set of 4 green carousel coasters,1.02,22,13
84510F,set of 4 new england coasters,1.22,58,31
84519A,tomato charlie+lola coaster set,2.34,323,158
84519B,carrot charlie+lola coaster set,1.99,313,157
84520B,pack 20 english rose paper napkins,0.84,1289,538
84520D,pack of 20 fairy cake paper napkins,0.85,147,61
84522,pink party sunglasses,1.91,36,20
84526,giant black sunglasses,1.95,52,31
84527,flames sunglasses pink lenses,1.93,31,20
84529A,pink knitted kids rucksack,6.75,18,10
84529B,blue knitted kid's rucksack,6.75,3,2
84529C,yellow knitted kids rucksack,6.75,21,11
84531A,pink knitted egg cosy,1.13,86,40
84531B,blue knitted egg cosy,1.13,85,38
84532B,fairy cakes rectangluar boxes,5.95,35,23
84533B,fairy cakes round nesting boxes,5.81,39,19
84534B,fairy cake notebook a5 size,0.85,243,107
84535A,english rose notebook a6 size,0.65,112,49
84535B,fairy cakes notebook a6 size,0.66,601,254
84536A,english rose notebook a7 size,0.42,1049,425
84536B,fairy cakes notebook a7 size,0.42,579,228
84537B,fairy cakes gift bag,0.42,30,11
84539,knitted rabbit doll,1.65,18,10
84546,crochet poodle keyring,1.65,8,3
84548,crochet bear red/blue  keyring,1.65,22,13
84549,crochet white rabbit keyring,1.63,23,9
84550,crochet lilac/red bear keyring,1.65,8,4
84551,crochet dog keyring,1.65,13,6
84555A,yellow vw beetle ceramic money box,2.92,28,16
84558A,3d dog picture playing cards,2.95,342,174
84559A,3d sheet of dog stickers,0.86,340,152
84559B,3d sheet of cat stickers,0.85,338,152
84559D,3d sheet of sea world stickers,0.85,63,29
84562A,pink/white ribbed melamine jug,7.88,101,64
84562B,blue/white ribbed melamine jug,7.95,7,5
84563A,pink & white breakfast tray,5.13,61,33
84563B,blue & white breakfast tray,4.41,64,37
84564,6 segment coloured snack bowl,7.95,13,9
84567,frosted glass with silver surround,1.65,3,1
84568,girls alphabet iron on patches,0.2,214,72
84569A,pack 3 iron on dog patches,1.27,153,66
84569B,pack 3 fire engine/car patches,1.25,140,63
84569C,pack 4 flower/butterfly patches,1.25,115,50
84569D,pack 6 heart/ice-cream patches,1.26,235,98
84570B,white satin dress jewel stand,4.95,3,2
84572,6 hook jewel stand lilac dress,8.49,1,1
84575A,pink dog cannister,5.33,17,13
84575B,brown dog cannister w bone,5.95,4,3
84576,blue cat biscuit barrel pink heart,4.17,43,21
84578,elephant toy with blue t-shirt,3.74,122,80
84580,mouse toy with pink t-shirt,3.76,542,319
84581,dog toy with pink crochet skirt,3.75,291,179
84582,pink crochet cat with scarf,4.25,11,9
84584,pink gingham cat with scarf,2.55,109,50
84586L,"pink roses/gingham patch rabbit 8""",2.95,13,9
84592,crochet rose purse with suede back,2.95,88,38
84593,crochet rose des clothes hanger,2.95,15,8
84595B,large trifle design l blue bowl,3.05,28,15
84595E,large tortilla design red bowl,2.74,59,27
84596B,small dolly mix design orange bowl,0.7,1252,516
84596E,small licorice des pink bowl,1.12,265,126
84596F,small marshmallows pink bowl,0.72,1020,419
84596G,small chocolates pink bowl,0.71,511,226
84596I,wrap sweets light pink small bowl,1.23,15,10
84596J,mixed nuts light green bowl,0.96,151,68
84596K,jelly babies yellow small bowl,1.24,123,64
84596L,biscuits small bowl light blue,0.78,288,130
84597B,retro brown ball ashtray,1.23,50,19
84597C,retro pink ball ashtray,1.23,88,36
84598,boys alphabet iron on patches,0.21,121,41
84599,candy stripe rose floor cushion,7.95,4,2
84600,new baroque jewellery box,7.87,63,39
84601A,new baroque ivory cushion cover,2.78,33,12
84608,ornate edwardian candle holder,7.95,6,4
84609,tall rococo candle holder,8.41,56,27
84611B,black new baroque flock box,5.95,7,4
84612B,set/4 black  baroque flock coaster,2.55,11,4
84613A,pink new baroque flock candlestick,4.65,17,10
84613C,blue new baroque flock candlestick,4.58,22,12
84614A,pink baroque flock candle holder,5.95,13,7
84614C,blue baroque flock candle holder,5.95,2,1
84615,pink round butterfly mirror,3.86,46,18
84616,silver roccoco chandelier,23.56,39,22
84617,new baroque black boxes,12.75,10,7
84619,blue gingham rose quilt,33.18,46,26
84620,blue gingham rose cushion cover,5.95,84,46
84621,blue gingham rose floor cushion,7.95,21,13
84622,pink gingham rose cushion cover,5.95,13,7
84623,pink gingham rose floor cushion,6.7,23,12
84625A,pink new baroquecandlestick candle,1.85,149,61
84625B,blck new baroque candlestick candle,2.33,43,17
84625C,blue new baroque candlestick candle,1.92,141,57
84625D,white newbaroque candlestick candle,2.01,115,47
84626,candy stripe rose quilt,45.95,1,1
84627,candy stripe rose c/cover,5.95,32,20
84629,white 3 frame birds and tree,12.8,19,13
84630,flowers and birds wall plaque,7.95,2,1
84631,fruit tree and birds wall plaque,6.7,50,24
84632,decorative hanging shelving unit,58.95,12,10
84637,kitchen flower pots wall plaque,4.81,65,33
84638,small kitchen flower pots plaque,5.35,63,31
84648,new baroque wall mirror,12.75,1,1
84653,green rose quilt,45.2,10,8
84656,white rose c/cover,5.95,18,12
84657,green rose cushion cover,3.62,46,19
84658,white stitched cushion cover,6.6,113,57
84659A,white travel alarm clock,2.53,145,72
84660A,white stitched wall clock,1.71,101,42
84660B,black stitched wall clock,2.16,95,44
84660C,pink stitched wall clock,2.4,112,55
84661A,white square table clock,1.91,55,25
84661B,black square table clock,2.19,54,26
84661C,pink square table clock,1.32,29,12
84663A,grass hopper wooden wall clock,3.29,81,39
84664,cherry blossom bathroom cabinet,4.95,104,50
84665,square cherry blossom cabinet,6.38,98,47
84666,square cherry blossom cabinet,3.95,82,33
84670,japanese crocheted animal,0.42,501,175
84671B,crochet bear with blue stripes,2.55,49,25
84673A,pink fly swat,0.65,126,72
84673B,blue fly swat,0.76,141,80
84674,flying pig watering can,2.87,192,93
84675,frog king watering can,2.91,87,44
84676,bath duck watering can,2.88,221,98
84678,classical rose small vase,2.33,164,66
84679,classical rose table lamp,8.95,8,4
84680,classical rose urn,7.07,28,17
84682,classical rose dish,2.7,87,40
84683,classical rose candlestand,1.13,74,30
84684,beach hut photo frame,1.9,52,21
84685,beach hut key cabinet,3.24,108,54
84686,beach hut mirror,3.41,73,37
84687,beach hut shelf w 3 drawers,5.08,108,52
84688,beach hut design blackboard,3.92,105,47
84689,s/2 beach hut treasure chests,4.32,70,34
84690,s/2 beach hut stools,7.95,23,13
84691,pack 20 dolly pegs,0.84,441,180
84692,box of 24 cocktail parasols,0.42,1872,737
84705A,english rose photo frame,4.65,12,7
84705B,fairy cakes photo frame,1.25,6,2
84705C,pink flock photo frame,2.95,13,6
84705D,cherry blossom photo frame,4.65,7,4
84705F,red peony photo frame,4.65,8,5
84706A,english rose table clock,5.45,14,6
84706B,fairy cakes table clock,8.95,15,8
84706C,pink flock table clock,3.7,10,4
84706D,cherry blossom table clock,3.95,36,14
84706F,red peony table clock,5.42,26,17
84707A,silver jewelled mirror trinket tray,9.7,67,40
84707B,pink jewelled mirror trinket tray,9.31,34,22
84708B,pink jewelled photo frame,4.92,76,46
84709A,silver oval jewelled mirror,5.95,19,12
84709B,pink oval jewelled mirror,5.92,73,42
84711A,silver oval shape trinket box,9.95,25,14
84711B,pink oval shape trinket box,9.95,18,12
84712B,pink jewelled photo frame,7.91,58,36
84715,set of 6 ice cream skittles,2.95,98,39
84720,dot matrix canvas art picture,6.88,7,3
84721,manhattan canvas art picture,8.35,4,2
84723,cherry blossom canvas art picture,5.95,24,12
84725,freestyle canvas art picture,2.04,41,28
84726,lillies canvas picture,2.17,14,5
84731,3 birds canvas screen,1.23,3,3
84732B,cute bird ceature screen,1.23,10,6
84732D,cute rabbit ceature screen,1.23,9,6
84741C,citrus garland felt flowers,1.95,100,48
84743C,orange felt vase + flowers,1.25,8,5
84744,s/6 sew on crochet flowers,1.25,61,31
84745A,pink hanging gingham easter hen,0.42,38,17
84745B,blue hanging gingham easter hen,0.42,44,18
84746,pink easter hens+flower,3.75,11,8
84748,folk felt hanging multicol garland,2.91,71,32
84750A,pink small glass cake stand,1.93,117,49
84750B,black small glass cake stand,1.74,133,55
84751B,black medium glass cake stand,3.01,33,20
84753A,pink eau de cologne bottle,0.85,36,15
84754,s/15 silver glass baubles in bag,1.24,411,167
84755,colour glass t-light holder hanging,0.64,3331,1114
84757,enchanted garden wrought iron table,14.95,5,4
84760L,large hanging glass+zinc lantern,1.6,3,1
84760S,small hanging glass+zinc lantern,1.45,66,25
84761,ivory hanging bird planter,2.54,106,46
84762A,white picnic barbecue bucket,10.15,35,24
84762B,pink picnic barbecue bucket,9.15,39,21
84762C,green picnic barbecue bucket,8.62,37,18
84763,zinc finish 15cm planter pots,1.25,375,149
84765,silver rococo candelabra,12.75,6,4
84766,silver rococo candle stick,4.58,64,27
84767,zinc police box lantern,5.46,8,4
84770,round georgian silver mirror,3.82,45,16
84773,red rose and lace c/cover,2.95,105,47
84782A,pink 3 tier glass plate stand,9.9,50,26
84782B,black 3 tier glass plate stand,12.75,8,6
84782C,green 3 tier glass plate stand,9.62,35,18
84789,enchanted bird plant cage,3.67,205,112
84791,gingham heart decoration,2.94,163,75
84792,enchanted bird coathanger 5 hook,4.62,852,439
84795A,pastel stripe hammock,7.84,107,57
84795B,sunset check hammock,7.84,159,83
84795C,ocean stripe hammock,7.89,190,106
84795D,seaside stripe hammock,7.91,126,73
84795E,rio pink stripe hammock,7.95,9,6
84796A,pink hawaiian picnic hamper for 2,10.64,45,25
84796B,blue savannah picnic hamper for 2,10.32,66,32
84797A,pink hawaiian picnic hamper for 4,10.23,55,25
84797B,blue savannah picnic hamper for 4,8.45,61,24
84798A,pink foxglove artiifcial flower,2.5,22,9
84798B,purple foxglove artiifcial flower,2.08,24,9
84798C,white foxglove artiifcial flower,2.55,8,3
84799,sprig lavender artificial flower,1.02,84,29
84800L,large white/pink rose art flower,1.85,100,37
84800M,medium white/pink rose art flower,1.59,69,26
84800S,small white/pink rose art flower,1.1,51,19
84801A,pink hydrangea art flower,1.98,42,15
84801B,white hydrangea art flower,2.01,44,16
84802A,white anemone artificial flower,1.69,56,21
84802B,purple anemone artificial flower,1.53,41,16
84803A,pink allium  artificial flower,1.69,41,16
84803B,white allium  artificial flower,1.69,20,10
84804A,cream delphinium artificial flower,2.69,38,17
84804B,blue delphinium artificial flower,2.5,48,20
84805A,cream climbing hydranga art flower,2.62,19,7
84805B,blue climbing hydranga art flower,2.3,21,8
84806A,pink candystuft artificial flower,1.14,53,20
84806B,white candystuft artificial flower,1.37,84,30
84807,red poppy artificial flower,1.54,21,7
84809A,white chrysanthemums art flower,2.01,52,18
84809B,pink chrysanthemums art flower,1.79,23,8
84813,set of 4 diamond napkin rings,10.52,141,69
84814A,hexagonal crystal perfume bottle,1.95,1,1
84814B,rhombus crystal perfume bottle,1.95,4,2
84815,set of 3 danish rose planters,4.15,64,36
84816,danish rose bedside cabinet,39.39,27,18
84817,danish rose decorative plate,1.62,205,78
84818,danish rose photo frame,1.77,388,153
84819,danish rose round sewing box,2.91,218,94
84820,danish rose trinket trays,4.64,109,49
84821,danish rose deluxe coaster,0.71,197,68
84823,danish rose folding chair,12.36,62,29
84824,danish rose umbrella stand,15.83,31,27
84826,asstd design 3d paper stickers,0.65,124,52
84827,ass des phone sponge craft sticker,0.55,72,30
84828,jungle popsicles ice lolly holders,1.28,567,235
84830,large english arboretum,15.36,12,7
84832,zinc willie winkie  candle stick,0.86,1235,453
84836,zinc metal heart decoration,1.25,3399,1269
84837,white sweethearts cabinet 4 drawers,12.62,185,134
84838,ant white high rise bird box,7.67,7,3
84839,sweetheart key cabinet,6.6,662,352
84840,sweetheart carry-all basket,8.46,221,126
84842,hello sailor bathroom set,3.46,43,26
84843,white soap rack with 2 bottles,5.91,151,87
84845A,hollyhock square handy tin,1.25,1,1
84845C,carnation square handy tin,1.25,28,14
84845D,geranium square handy tin,1.25,22,11
84846A,scented candle in digitalis tin,2.1,104,42
84847,floral bathroom set,3.54,64,37
84849A,hello sailor blue soap holder,1.68,140,69
84849B,fairy soap soap holder,1.68,495,227
84849D,hot baths soap holder,1.69,478,228
84854,girly pink tool set,4.89,102,58
84855,blokey silver tool set,4.95,22,12
84856L,large tahiti beach bag,5.9,104,55
84856S,small tahiti beach bag,4.53,61,29
84857A,silver monte carlo handbag,8.5,6,3
84857B,blue monte carlo handbag,1.95,3,1
84857C,pink monte carlo handbag,2.89,40,14
84858A,natural riviera handbag,5.28,13,7
84858B,blue riviera handbag,2.82,23,9
84858C,pink riviera handbag,4.91,47,27
84859A,silver disco handbag,2.98,103,52
84859B,blue disco handbag,2.4,29,15
84859C,pink disco handbag,2.94,78,38
84864A,pink paisley photo album,6.75,4,3
84865,new baroque black photo album,7.75,54,37
84867A,pink baby girls photo album,6.62,6,3
84868A,pink baby girl's memory box,6.95,2,2
84868B,blue baby boy's memory box,6.95,5,4
84869,candy button photo album,3.66,50,21
84870B,blue geisha girl,3.75,35,23
84870C,green geisha girl,3.75,34,21
84872A,teatime funky flower backpack for 2,16.95,7,6
84873A,funky flower picnic bag for 4,16.95,6,5
84874B,blue travel first aid kit,1.65,49,29
84875A,pink square compact mirror,3.75,14,11
84875B,green square compact mirror,1.46,88,35
84875D,blue square compact mirror,1.72,93,37
84876B,green heart compact mirror,1.52,58,28
84876C,silver heart compact mirror,3.75,5,4
84876D,blue heart compact mirror,2.59,64,28
84877A,pink round compact mirror,3.57,23,14
84877B,green round compact mirror,1.58,36,15
84877D,blue round compact mirror,2.25,27,15
84879,assorted colour bird ornament,1.68,7900,2692
84880,white wire egg holder,6.04,656,329
84881,blue wire spiral candle holder,6.35,42,22
84882,green wire standing candle holder,3.75,43,27
84884A,ant white wire heart spiral,3.94,611,269
84886,blue metal wall shelf,9.95,11,8
84891B,green wire goblet candleholder,7.95,7,5
84893,ant white iron basket,5.88,24,15
84898F,yellow flowers felt handbag kit,2.1,95,47
84899E,yellow + brown bear felt purse kit,1.25,29,14
84899F,yellow purple daisy felt purse kit,1.25,46,23
84901,black face lamb with pants,3.74,86,56
84902,pink knitted cow stuffed toy,3.73,46,33
84905,pink butterfly c/cover,4.21,43,20
84906,pink b'fly c/cover w bobbles,5.06,37,18
84907,pink/yellow patch cushion cover,6.02,27,14
84908A,pink 5 patch flower cushion cover,4.09,15,7
84908B,blue 5 patch flower cushion cover,2.95,13,5
84909A,pink paisley quilt,17.33,63,29
84910A,pink paisley cushion cover,5.63,75,40
84912A,pink rose washbag,3.73,176,98
84912B,green rose washbag,3.73,159,86
84913A,soft pink rose towel,4.65,58,32
84913B,mint green rose towel,4.65,55,30
84914A,pink rose picnic rug,25.95,3,2
84915,hand towel pink flower and daisy,4.08,35,18
84916,hand towel pale blue w flowers,4.66,62,30
84917,white hand towel with butterfly,3.74,42,17
84918,cream c/cover w yellow/green flower,6.36,36,17
84919,l blue c/cover w pink/yellow flower,6.66,42,21
84920,pink flower fabric pony,3.72,89,54
84921,cream and pink flowers pony,3.75,21,14
84922,pink butterfly washbag,4.03,21,10
84923,pink butterfly handbag w bobbles,8.5,7,5
84924A,wake up cockerel calendar sign,3.91,77,46
84924D,la palmiera metal sign calendar,3.17,21,12
84924F,psychedelic metal sign calendar,1.76,16,8
84925A,wake up cockerel wall thermometer,2.49,27,15
84925C,fairy cakes  wall thermometer,2.55,17,10
84925D,la palmiera wall thermometer,2.32,44,26
84925E,flowers wall thermometer,2.27,6,3
84925F,psychedelic wall thermometer,1.96,65,31
84926A,wake up cockerel tile coaster,0.68,105,42
84926B,scotts roses tile coaster,1.25,22,10
84926C,fairy cakes tile coaster,1.25,47,19
84926D,la palmiera tile coaster,0.76,99,39
84926E,flowers tile coaster,0.63,134,48
84926F,psychedelic tile coaster,0.99,73,30
84927A,wake up cockerel tile hook,1.6,51,25
84927D,la palmiera tile hook,1.36,55,24
84927E,flowers tile hook,1.66,56,25
84927F,psychedelic tile hook,1.07,116,53
84929,asstd fruit+flowers fridge magnets,0.36,270,90
84931A,pink scottie dog w flower pattern,2.54,91,47
84931B,blue scottie dog w flower pattern,2.53,113,52
84932A,small green peony folding stool,3.86,63,24
84932B,small pink peony folding stool,3.11,46,17
84932C,small oriental blue folding stool,3.11,92,34
84932D,small oriental red folding stool,3.33,53,19
84933A,large green peony folding stool,4.72,16,6
84933B,large pink peony folding stool,3.41,15,6
84933C,large blue oriental folding stool,4.72,15,6
84934,asstd design pop art slim pen,0.85,35,12
84937,kashmir folkart tumblers,2.09,242,83
84942,kashmir folkart heart dishes,1.69,3,3
84944,set of 6 kashmir folkart baubles,3.25,317,151
84945,multi colour silver t-light holder,0.85,1759,592
84946,antique silver tea glass etched,1.23,3939,1336
84947,antique silver tea glass engraved,1.24,1671,577
84948,silver hanging t-light holder dome,1.65,94,34
84949,silver hanging t-light holder,1.63,1789,622
84950,assorted colour t-light holder,0.73,659,222
84951A,s/4 pistachio lovebird coasters,1.41,107,46
84951B,s/4 black lovebird coasters,1.4,95,41
84952A,clear love bird t-light holder,3.81,31,14
84952B,black love bird t-light holder,3.07,48,21
84952C,mirror love bird t-light holder,3.13,62,25
84962,set/3 colour painted kashmiri stool,59.95,3,2
84963A,pink painted kashmiri chair,40.71,13,8
84963B,blue painted kashmiri chair,42.96,10,6
84964A,pink painted kashmiri table,45.0,4,2
84964B,blue painted kashmiri table,45.0,4,2
84965A,pink kashmiri coffee table,40.0,6,3
84965B,blue kashmiri coffee table,62.49,8,4
84966A,pink kashmiri boxed mirror,17.33,6,3
84966B,blue kashmiri boxed mirror,16.0,9,4
84966C,green kashmiri boxed mirror,12.0,5,2
84967A,pink kashmiri occasional table,47.48,2,2
84967B,blue kashmiri occasional table,64.46,17,10
84967C,green kashmiri occasional table,67.46,6,4
84968A,s/16 vintage rose cutlery,12.69,192,117
84968B,s/16 vintage ivory cutlery,12.7,142,80
84968C,s/16 vintage pistachio cutlery,12.71,154,97
84968D,s/16 vintage red cutlery,13.07,92,59
84968E,s/16 vintage black cutlery,12.8,103,62
84968F,s/16 vintage sky blue cutlery,12.72,96,65
84969,assorted colour set 6 teaspoons,4.32,343,168
84970L,single heart zinc t-light holder,0.98,2359,828
84970S,hanging heart zinc t-light holder,0.85,3320,1150
84971L,large heart flowers hook,1.24,117,44
84971S,small heart flowers hook,0.85,867,332
84972L,giant pink heart memo holder,3.95,74,44
84974,s/2 zinc heart design planters,9.93,77,58
84975,heart shaped mirror,1.68,447,169
84976,rectangular shaped mirror,1.21,123,42
84977,wire flower t-light holder,1.25,105,41
84978,hanging heart jar t-light holder,1.23,3201,1101
84984A,green peony des c/cover,4.01,34,16
84984B,red peony des c/cover,4.2,33,16
84984C,oriental blue c/cover,3.8,25,12
84984D,oriental red c/cover,4.17,33,15
84985A,set of 72 green paper doilies,1.45,224,121
84985B,set of 72 black paper doilies,1.45,36,19
84986B,set of 36 silver paper doilies,1.45,144,68
84987,set of 36 teatime paper doilies,1.45,1584,646
84988,set of 72 pink heart paper doilies,1.46,1517,622
84989A,75 green fairy cake cases,0.55,251,124
84989B,75 black fairy cake cases,0.54,107,46
84990,60 gold and silver fairy cake cases,0.54,389,167
84991,60 teatime fairy cake cases,0.54,4655,1813
84992,72 sweetheart fairy cake cases,0.55,2907,1215
84993A,75 green petit four cases,0.42,277,127
84993B,75 black petit four cases,0.42,155,77
84997A,green 3 piece mini dots cutlery set,3.88,1227,548
84997B,red 3 piece mini dots cutlery set,3.84,2199,944
84997C,blue 3 piece mini dots cutlery set,3.83,2030,893
84997D,pink 3 piece mini dots cutlery set,3.88,2316,1008
85006,set 4 nursery des round boxes,2.44,84,35
85007,set of 3 vintage tea time boxes,3.9,42,20
85008,set of 3 coney island oval boxes,4.73,146,90
85014A,black/blue dots ruffled umbrella,5.96,1239,642
85014B,red/white dots ruffled umbrella,5.97,1613,794
85014C,blue/brown dots ruffled umbrella,5.84,112,65
85014D,pink/brown dots ruffled umbrella,5.82,162,86
85015,set of 12  vintage postcard set,1.32,388,144
85016,set of 6 vintage notelets kit,2.14,187,70
85017A,envelope 50 romantic images,0.83,131,54
85017B,envelope 50 blossom images,0.62,312,119
85017C,envelope 50 curious images,0.79,148,58
85018A,s/6 paper boxes romantic images,4.25,12,10
85018B,s/6 paper boxes blossom images,4.25,12,10
85018C,s/6 paper boxes curious images,4.04,8,4
85018D,yuletide images s/6 paper boxes,2.02,136,63
85019A,romantic images notebook set,2.27,87,41
85019B,blossom  images notebook set,2.0,87,36
85019C,curious  images notebook set,2.95,49,23
85020,round pink heart mirror,2.1,99,44
85023A,crystal large jewelled photo frame,2.55,16,10
85023B,eau de nile jewelled photoframe,2.53,79,37
85023C,pink large jeweled photoframe,2.55,19,12
85024A,crystal small jewelled photoframe,1.65,1,1
85024B,eau de nile jewelled photoframe,1.64,41,21
85024C,pink small jewelled photoframe,1.65,73,45
85025B,eau de nile heart shape photo frame,1.65,142,68
85025C,pink heart shape photo frame,1.65,194,93
85026B,eau de nile jewelled t-light holder,0.85,51,20
85027L,french chateau large platter,4.65,83,40
85028L,french chateau large fruit bowl,5.04,51,25
85028S,french chateau small fruitbowl,3.12,69,33
85030,french chateau oval platter,5.05,55,29
85031A,romantic images scrap book set,3.78,71,38
85031B,blossom images scrap book set,3.38,53,26
85031C,curious images scrap book set,3.76,54,28
85032A,romantic images gift wrap set,0.97,261,118
85032B,blossom images gift wrap set,0.91,232,106
85032C,curious images gift wrap set,0.98,212,101
85032D,yuletide images gift wrap set,1.27,218,91
85033G,set/6 gold reindeer t-light candles,1.44,43,18
85033S,set/6 silver reindeer t-lights,0.98,86,40
85034A,3 gardenia morris boxed candles,2.99,230,117
85034B,3 white choc morris boxed candles,2.46,254,113
85034C,3 rose morris boxed candles,2.18,346,165
85035A,gardenia 3 wick morris boxed candle,3.8,272,158
85035B,chocolate 3 wick morris box candle,3.49,184,98
85035C,rose 3 wick morris box candle,2.94,332,174
85036A,gardenia 1 wick morris boxed candle,3.97,278,161
85036B,chocolate 1 wick morris box candle,3.06,178,79
85036C,rose 1 wick morris boxed candle,3.01,231,123
85038,6 chocolate love heart t-lights,2.1,674,294
85039A,set/4 red mini rose candle in bowl,1.43,198,90
85039B,s/4 ivory mini rose candle in bowl,1.52,244,112
85039C,s/4 black mini rose candle in bowl,1.36,75,39
85040A,s/4 pink flower candles in bowl,1.67,701,329
85040B,set/4 blue flower candles in bowl,1.64,506,237
85041,set/4 pink orchid candles in bowl,1.62,175,82
85042,antique lily fairy lights,4.83,635,285
85043,red heart candy pop lights,4.95,1,1
85044,red reindeer string of 20 lights,4.87,51,26
85045,green christmas tree string 20light,4.89,138,72
85047,white beaded garland string 20light,6.3,412,205
85048,15cm christmas glass ball 20 lights,7.75,962,437
85049A,traditional christmas ribbons,1.27,1365,575
85049B,lush greens ribbons,1.25,700,319
85049C,romantic pinks ribbons,1.25,1012,468
85049D,bright blues ribbons,1.25,807,379
85049E,scandinavian reds ribbons,1.27,1620,699
85049F,baby boom ribbons,1.25,670,300
85049G,chocolate box ribbons,1.26,1053,473
85049H,urban black ribbons,1.19,480,214
85050,french enamel soap dish with lid,2.1,3,1
85053,french enamel candleholder,2.13,658,283
85054,french enamel pot w lid,2.86,369,163
85055,french enamel utensil holder,3.72,147,80
85059,french enamel water basin,3.52,265,144
85060,wood fan with flower design,1.23,205,74
85061W,white jewelled heart decoration,0.85,894,344
85062,pearl crystal pumpkin t-light hldr,1.65,805,282
85063,cream sweetheart magazine rack,16.72,218,150
85064,cream sweetheart letter rack,5.4,462,239
85065,cream sweetheart trays,12.51,355,232
85066,cream sweetheart mini chest,12.66,1576,818
85067,cream sweetheart wall cabinet,18.51,214,155
85068,cream sweetheart shelf + hooks,7.73,362,175
85069,cream sweetheart double shelf,16.95,2,1
85070,ant white sweetheart table w 3 draw,106.67,3,3
85071A,blue charlie+lola personal doorsign,1.18,289,126
85071B,red charlie+lola personal doorsign,1.04,327,141
85071C,"charlie+lola""extremely busy"" sign",1.13,208,99
85071D,charlie+lola my room door sign,1.09,186,89
85072,occasions gift card assortment,0.55,3,1
85078,scandinavian 3 hearts napkin ring,0.38,245,86
85079,embroidered reindeer decoration,1.58,13,7
85080,padded red heart decoration,0.53,51,22
85081,padded holly christmas decoration,0.46,47,21
85083,kiss reindeer scandinavian stocking,2.55,4,2
85084,holly top christmas stocking,0.86,145,65
85086A,candy spot heart decoration,0.85,126,50
85087,candy spot cushion cover,2.95,47,21
85088,candy spot hand bag,2.18,95,45
85089,candy spot bunny,2.89,45,19
85090,candy spot apron,4.65,61,36
85091,candy spot bread baskets,3.49,34,14
85092,candy spot tea cosy,2.6,34,14
85093,candy spot egg warmer hare,0.89,165,60
85094,candy spot egg warmer rabbit,0.52,110,42
85095,three canvas luggage tags,2.2,25,11
85096,hilda candy spot rabbit,3.75,90,51
85097B,blue rocking singing canary,3.75,66,37
85098B,blue flying singing canary,3.73,151,85
85099B,jumbo bag red white spotty,1.96,8899,3296
85099C,jumbo  bag baroque black white,1.96,3710,1464
85099F,jumbo bag strawberry,1.96,3971,1524
85103,silver t-light setting,6.62,97,54
85104,silver glass t-light set,2.98,97,54
85106,cut glass hexagon t-light holder,2.38,104,45
85107,cut glass t-light holder octagon,2.27,163,66
85109,pink boudoir t-light holder,0.69,51,18
85110,black silver flower t-light holder,0.46,55,19
85111,silver glitter flower votive holder,0.41,183,64
85112,s/3 tear drop cut glass decoration,1.22,50,23
85113,polka dot pistachio pail,2.09,104,44
85114A,black enchanted forest placemat,1.63,209,83
85114B,ivory enchanted forest placemat,1.64,405,158
85114C,red enchanted forest placemat,1.65,316,132
85115B,s/4 black disco partition panel,4.25,2,1
85116,black candelabra t-light holder,1.32,140,53
85117,nightingale coathook white,1.63,92,40
85118,heart t-light holder,0.9,169,62
85119,watering can single hook pistachio,1.67,91,39
85121B,retro laundry tub pink,8.5,47,27
85121C,retro laundry tub pistachio,8.5,72,42
85123A,white hanging heart t-light holder,2.87,13392,5023
85124A,pink juicy fruit photo frame,2.53,164,70
85124B,blue juicy fruit photo frame,2.54,188,84
85124C,green juicy fruit photo frame,2.54,202,97
85125,small round cut glass candlestick,4.85,96,43
85126,large round cutglass candlestick,6.7,69,33
85127,small square cut glass candlestick,4.95,79,38
85128,plantpot single hook pistachio,1.4,4,2
85129A,"white pearl beaded heart, small",1.25,152,67
85129B,beaded crystal heart green small,1.31,74,36
85129C,beaded crystal heart blue small,1.32,109,49
85129D,beaded crystal heart pink small,1.35,191,85
85130A,beaded pearl heart white large,1.65,182,76
85130B,beaded crystal heart green large,1.06,146,59
85130C,beaded crystal heart blue  large,1.14,146,62
85130D,beaded crystal heart pink large,1.32,186,83
85131A,beaded pearl heart white on stick,1.05,211,78
85131B,beaded crystal heart green on stick,0.91,54,24
85131C,beaded crystal heart blue on stick,0.99,59,27
85131D,beaded crystal heart pink\on stick,0.89,79,32
85132A,charlie + lola biscuits tins,5.67,315,147
85132B,charlie and lola table tins,4.39,217,100
85132C,charlie and lola figures tins,3.81,457,192
85135A,yellow dragonfly helicopter,7.95,64,50
85135B,blue dragonfly helicopter,7.95,93,77
85135C,red dragonfly helicopter,7.95,91,66
85136A,yellow shark helicopter,7.95,84,68
85136B,blue shark helicopter,7.95,45,39
85136C,red shark helicopter,7.95,102,80
85141,jardin etched glass fruitbowl,8.04,111,71
85142,jardin etched glass ginger jar,7.95,40,27
85144,jardin etched glass butter dish,5.31,124,72
85145,jardin etched glass large bell jar,9.4,51,30
85146,jardin etched glass small bell jar,5.19,60,29
85147,jardin etched glass candlehldr long,4.95,37,19
85150,ladies & gentlemen metal sign,2.52,2109,894
85151,welcome metal sign,1.25,17,8
85152,hand over the chocolate   sign,2.08,3027,1312
85159A,"black tea,coffee,sugar jars",2.25,119,48
85159B,"white tea,coffee,sugar jars",2.65,164,68
85160A,white bird garden design mug,1.15,64,22
85160B,black bird garden design mug,0.76,89,31
85161,acrylic geometric lamp,18.75,24,20
85162A,silver retrodisc lampshade,3.21,50,19
85162B,black retrodisc lampshade,1.95,39,13
85162C,white retrodisc lampshade,2.15,115,41
85163A,white baroque wall clock,12.19,55,41
85163B,black baroque wall clock,12.18,46,37
85164B,black baroque cuckoo clock,11.71,70,41
85165,candy pink french boudoir clock,9.95,15,11
85166A,white metal baroque photo frame,3.12,15,8
85166B,black metal baroque photo frame,3.1,69,31
85167A,white grand baroque photo frame,3.5,29,12
85167B,black grand baroque photo frame,3.61,114,53
85168A,white baroque carriage clock,9.95,20,15
85168B,black baroque carriage clock,9.68,32,23
85169A,ivory love bird candle,1.21,239,101
85169B,black love bird candle,1.2,97,46
85169C,eau de nil love bird candle,1.21,74,38
85169D,pink love bird candle,1.21,101,45
85170A,set/6 ivory bird t-light candles,1.97,142,62
85170B,set/6 black bird t-light candles,1.89,68,33
85170C,set/6 eau de nil bird t-lights,1.99,112,48
85170D,set/6 pink bird t-light candles,2.11,156,77
85171,s/2 hyacinth bulb candles,2.55,1,1
85172,hyacinth bulb t-light candles,0.42,413,140
85173,set/6 frog prince t-light candles,2.32,221,103
85174,s/4 cacti candles,4.92,452,237
85175,cacti t-light candles,0.42,1221,411
85176,sewing susan 21 needle set,0.88,410,174
85177,basket of flowers sewing kit,0.86,294,112
85178,victorian sewing kit,1.25,676,260
85179A,green bitty light chain,3.56,49,26
85179B,white bitty light chain,4.54,79,39
85179C,pink bitty light chain,2.61,23,10
85180A,red hearts light chain,3.73,159,67
85180B,pink hearts light chain,3.83,76,34
85183A,charlie & lola wastepaper bin blue,2.11,278,134
85183B,charlie & lola wastepaper bin flora,2.03,341,155
85184B,set 4 easter decoupage oval boxes,2.95,11,7
85184C,s/4 valentine decoupage heart box,2.73,554,258
85184D,s/4 blue round decoupage boxes,2.83,103,52
85185B,pink horse sock puppet,2.94,294,149
85185C,cow  sock puppet,2.95,40,27
85185D,frog sock puppet,2.93,86,45
85185E,duck sock puppet,2.95,3,2
85185F,lion sock puppet,2.95,27,18
85186A,easter bunny garland of flowers,0.42,220,82
85186B,bunny bunch of flowers,0.42,5,2
85186C,bunny egg garland,0.42,208,83
85187,s/12 mini rabbit easter,1.65,189,91
85188A,green metal swinging bunny,0.85,200,81
85188B,pink metal swinging bunny,0.85,135,53
85189,hanging butterfly  egg,0.85,150,59
85190,pink flower hanging heart,0.85,37,14
85192S,hanging spring flower heart small,0.65,3,2
85194L,hanging spring flower egg large,0.85,300,109
85194S,hanging spring flower egg small,0.55,257,97
85195,hanging heart basket,2.07,32,16
85196,easter bunnies on a stick,0.54,198,66
85197,set of 12 mini bunnies in a bucket,2.06,133,75
85198,assorted farmyard animals in bucket,0.83,115,40
85199L,large hanging ivory & red wood bird,0.65,519,191
85199S,small hanging ivory/red wood bird,0.43,769,303
85200,bunny egg box,1.25,262,95
85202,hanging wood and felt heart,0.42,228,100
85203,hanging wood and felt butterfly,0.42,287,118
85204,hanging wood and felt flower,0.3,197,81
85205A,ivory felt easter rabbit garland,2.55,45,23
85205B,pink felt easter rabbit garland,2.55,105,44
85206A,cream felt easter egg basket,1.64,704,287
85206B,pink felt easter egg basket,1.64,400,163
85208,set/12 funky felt flower peg in bag,2.09,112,59
85211,s/4 groovy cat magnets,1.5,105,54
85212,mini painted garden decoration,0.5,274,96
85213,mini  zinc garden decorations,0.69,134,49
85214,tub 24 pink flower pegs,1.65,236,137
85215,assorted cheese fridge magnets,0.65,139,47
85216,assorted cakes fridge magnets,0.65,444,150
85217,assorted ice cream fridge magnets,0.64,409,137
85218,s/5 mini ice cream fridge magnets,0.88,6,2
85220,small fairy cake fridge magnets,1.3,15,5
85221,assorted colour silk coin purse,0.89,127,44
85222,assorted colour silk cosmetic purse,1.9,119,43
85224,assorted colour silk glasses case,1.34,127,50
85225,bling key ring stand,1.2,14,11
85226A,white/blue pull back racing car,0.55,309,121
85226C,blue pull back racing car,0.55,155,67
85227,set/6 3d kit cards for kids,0.86,722,299
85230A,opium scented votive candle,0.27,144,48
85230B,cinnamon scented votive candle,0.28,195,66
85230C,rose scented votive candle,0.29,3,1
85230D,vanilla scented votive candle,0.29,3,1
85230E,strawbry scented votive candle,0.28,195,65
85230F,jasmine votive candle,0.28,181,61
85230G,orange votive candle,0.27,138,46
85231B,cinammon set of 9 t-lights,0.87,672,291
85231E,strawberry scented set/9 t-lights,0.85,215,94
85231G,orange scented set/9 t-lights,0.85,479,212
85231L,lavender scented set/9 t-lights,0.84,232,103
85232A,set/3 polka dot stacking tins,4.94,215,123
85232B,set/3 russian doll stacking tins,4.91,905,445
85232C,russian folkart stacking tins,4.95,1,1
85232D,set/3 decoupage stacking tins,4.93,314,175
90000A,raspberry ant copper flower necklac,5.95,23,14
90000B,midnight blue copper flower necklac,5.95,13,9
90000C,opal white/silver flower necklace,5.95,1,1
90000D,copper/olive green flower necklace,5.95,21,13
90001A,antique raspberry flower earrings,4.25,4,3
90001B,antique mid blue flower earrings,4.25,7,4
90001C,antique opal white flower earrings,4.25,6,5
90001D,antique olive green flower earrings,4.25,13,7
90002A,flower burst silver ring opal,3.75,25,15
90002B,flower burst silver ring rose,3.75,12,7
90002C,flower burst silver ring midn't blu,3.75,19,11
90002D,flower burst silver ring crystal,3.73,35,21
90002E,flower burst silver ring green,3.75,12,8
90003B,rose colour pair heart hair slides,3.75,16,10
90003C,midnight blue pair heart hair slide,3.75,17,10
90003D,crystal pair heart hair slides,3.75,24,15
90003E,green pair heart hair slides,3.75,6,3
90004A,jade green pair enamel hair slides,3.75,1,1
90005A,jade green enamel hair comb,1.95,15,7
90010A,midnight blue glass/silver bracelet,8.49,25,14
90010B,black/white glass/silver bracelet,8.95,31,17
90010E,amber glass/silver bracelet,8.59,28,18
90011A,midnight blue crystal drop earrings,2.95,2,2
90011B,black crystal drop earrings,2.95,6,4
90011C,green crystal drop earrings,2.95,3,1
90011E,amber crystal drop earrings,2.95,1,1
90012A,midnight blue drop crystal necklace,2.95,5,2
90012B,black drop crystal necklace,5.28,7,3
90013A,midnight blue vintage earrings,3.75,20,10
90013B,black vintage earrings,3.75,10,5
90013C,green vintage earrings,3.75,19,10
90013D,purple vintage earrings,3.75,15,8
90014A,silver/mop orbit necklace,9.0,30,22
90014B,gold m pearl  orbit necklace,9.02,18,15
90014C,silver/black orbit necklace,9.45,19,14
90016A,silver/m.o.p pendant orbit necklace,8.03,14,9
90016B,gold/m.o.p pendant orbit necklace,8.5,20,17
90016C,silver/black pendant orbit necklace,8.5,5,4
90018A,silver m.o.p orbit drop earrings,4.25,28,16
90018B,gold m.o.p orbit drop earrings,4.25,16,10
90018C,silver black orbit drop earrings,4.25,12,7
90019A,silver m.o.p orbit bracelet,4.95,29,17
90019B,gold m.o.p orbit bracelet,4.95,10,7
90019C,silver black orbit bracelet,4.95,9,7
90020,filigree diamante chain,12.75,3,2
90021,laser cut multi strand necklace,11.95,5,4
90022,edwardian drop earrings jet black,3.75,6,4
90023,filigree diamante earrings,4.25,19,11
90024A,new baroque b'fly necklace black,8.5,5,4
90024B,new baroque b'fly necklace red,8.5,9,6
90024C,new baroque b'fly necklace green,8.5,6,5
90024D,new baroque b'fly necklace pink,8.5,13,11
90024E,new baroque b'fly necklace montana,8.5,10,7
90024F,new baroque b'fly necklace crystal,8.5,3,2
90025A,baroque butterfly earrings black,3.75,2,2
90025B,baroque butterfly earrings red,3.75,1,1
90025C,baroque butterfly earrings green,3.75,2,2
90025D,baroque butterfly earrings pink,3.75,2,2
90025E,baroque butterfly earrings montana,3.75,3,3
90025F,baroque butterfly earrings crystal,3.75,2,2
90026A,glass bead hoop necklace black,8.5,8,6
90026B,glass bead hoop necklace montana,8.5,7,6
90026C,glass bead hoop necklace green,8.5,7,5
90026D,glass bead hoop necklace amethyst,8.5,10,8
90027A,glass bead hoop earrings black,2.95,4,3
90027B,glass bead hoop earrings montana,2.95,7,4
90027C,glass bead hoop earrings green,2.95,4,2
90027D,glass bead hoop earrings amethyst,2.95,10,6
90028,new baroque large necklace blk/whit,8.5,7,5
90029,new baroque small necklace black,8.5,16,10
90030A,spotted white natural seed necklace,1.62,24,8
90030B,red kukui coconut seed necklace,2.3,51,19
90030C,brown kukui coconut seed necklace,1.99,28,10
90031,bili nut and wood necklace,1.0,15,5
90032,ivory shell heart necklace,6.1,35,21
90033,ivory shell heart earrings,2.55,4,2
90034,white silver necklace shell glass,9.95,2,2
90035A,"pearl & shell 42""neckl. green",10.75,14,9
90035B,"pearl & shell 42""neckl. pink",10.18,8,4
90035C,"pearl & shell 42""neckl. ivory",10.75,10,5
90036A,flower garland necklace red,7.95,18,14
90036B,"flower glass garland neckl.36""green",7.95,13,9
90036C,"flower glass garland neckl.36""blue",7.95,15,8
90036D,"flower glass garland neckl.36""black",7.95,22,12
90036E,"flower glass garld neckl36""amethyst",7.95,15,11
90036F,"flower glass garld neckl36""turquois",7.95,8,4
90037A,tiny crystal bracelet red,2.55,10,4
90037B,tiny crystal bracelet green,2.55,12,5
90037C,tiny crystal bracelet blue,2.55,9,4
90037D,tiny crystals bracelet black,2.55,3,1
90038A,glass and painted beads bracelet to,3.75,10,4
90038B,glass and painted beads bracelet ol,3.75,5,2
90038C,glass and beads bracelet ivory,3.75,7,3
90039A,fire polished glass bracelet red,3.75,4,2
90039B,fire polished glass bracelet montan,3.75,7,3
90039C,fire polished glass bracelet black,3.75,5,3
90039D,fire polished glass bracelet green,3.75,10,5
90040A,murano style glass bracelet red,3.5,17,10
90040B,murano style glass bracelet black,3.5,31,17
90040C,murano style glass bracelet gold,3.5,19,10
90040D,murano style glass bracelet pink,3.5,18,10
90041,pearl and cherry quartz braclet,3.5,3,2
90042A,freshwater pearl bracelet gold,2.55,14,7
90042B,freshwater pearl bracelet pink,2.55,10,5
90042C,freshwater pearl bracelet ivory,2.55,17,8
90043,copper and brass bag charm,5.78,9,6
90046,white with metal bag charm,4.95,12,7
90048,green with metal bag charm,4.95,14,6
90049,ivory gold metal bag charm,6.95,10,5
90050,cracked glaze necklace ivory,6.95,4,2
90051,cracked glaze necklace red,6.95,6,4
90052,cracked glaze necklace brown,6.95,2,1
90054,cracked glaze earrings red,2.55,2,2
90055,cracked glaze earrings brown,2.55,1,1
90056,chunky cracked glaze necklace ivory,10.75,3,1
90057,diamante ring assorted in box.,1.63,102,34
90058A,crystal stud earrings clear display,0.38,39,13
90058B,crystal stud earrings assorted col,0.48,82,28
90059A,diamante hair grip pack/2 crystal,1.65,9,3
90059B,diamante hair grip pack/2 black dia,1.65,9,4
90059C,diamante hair grip pack/2 montana,1.65,15,7
90059D,diamante hair grip pack/2 peridot,1.65,14,5
90059E,diamante hair grip pack/2 ruby,1.65,14,7
90059F,diamante hair grip pack/2 lt rose,1.65,12,5
90060B,fire polished glass neckl gold,5.95,6,4
90060C,fire polished glass neckl silver,5.95,5,3
90060D,fire polished glass neckl bronze,5.95,9,7
90060F,fire polished glass neckl green,5.95,12,7
90062,carnival bracelet,12.49,72,39
90063A,white vint art deco crystal necklac,8.5,17,10
90063B,black vint art dec crystal necklace,8.5,14,9
90064A,white vintage crystal earrings,3.75,7,4
90064B,black vintage  crystal earrings,3.75,13,9
90065A,white vintage crystal bracelet,6.75,13,7
90065B,black vint art dec crystal bracelet,6.75,8,6
90066A,pink vintage victorian choker,6.75,4,2
90067A,pink vintage victorian earrings,2.95,15,8
90067B,brown vintage victorian earrings,2.95,6,2
90069,ruby glass cluster necklace,7.5,8,5
90070,ruby glass cluster bracelet,5.95,23,11
90071,ruby glass cluster earrings,1.25,2,2
90072,ruby drop chandelier earrings,3.75,12,5
90073,vintage enamel & crystal earrings,4.95,15,7
90074,black diamond cluster necklace,8.95,5,4
90075,montana diamond cluster necklace,8.95,4,3
90076,montana diamond cluster earrings,2.55,3,1
90077,black diamond cluster earrings,2.55,1,1
90078,pink/white glass demi choker,7.5,7,4
90079,vintage enamel & crystal necklace,4.95,7,5
90081A,lily brooch amethyst colour,4.95,37,23
90081B,lily brooch white/silver colour,4.95,4,2
90081C,lily brooch olive colour,4.95,20,13
90082A,diamante bow brooch green colour,6.35,31,20
90082B,diamante bow brooch red colour,6.35,40,24
90082C,diamante bow brooch white colour,6.35,1,1
90082D,diamante bow brooch black colour,6.35,58,35
90083,crystal czech cross phone charm,1.06,19,8
90084,pink crystal guitar phone charm,0.85,20,9
90085,crystal stiletto phone charm,0.85,43,17
90086,crystal frog phone charm,1.1,43,19
90087,crystal sea horse phone charm,0.97,48,21
90088,crystal key+lock phone charm,0.85,27,12
90089,pink crystal skull phone charm,0.73,25,11
90090,pink crystal heart phone charm,0.85,48,20
90091,crystal dragonfly phone charm,0.85,3,2
90092,blue crystal boot phone charm,0.85,23,9
90093,clear crystal star phone charm,0.86,43,18
90094,necklace+bracelet set fruit salad,2.55,27,21
90095,necklace+bracelet set pink blossom,2.55,4,2
90096,necklace+bracelet set blue blossom,2.55,21,12
90098,necklace+bracelet pink butterfly,2.55,37,23
90099,necklace+bracelet set blue hibiscus,2.55,23,17
90100,necklace+bracelet set pink daisy,2.55,15,9
90101,white frangipani necklace,2.55,11,5
90102,white frangipani hair clip,0.85,7,3
90103,purple frangipani necklace,2.55,9,5
90104,purple frangipani hairclip,0.85,24,12
90108,blue blossom hair clip,1.05,30,13
90111,blue hibiscus  hair clip,1.05,7,6
90112,pink dolly hair clips,1.05,32,16
90114,summer daisies bag charm,2.55,34,19
90115,summer butterflies bag charm,2.55,21,11
90116,fruit salad bag charm,1.69,22,11
90118,pink daisy bag charm,2.55,5,3
90119,metalic leaves bag charms,2.48,35,18
90120A,pink murano twist bracelet,4.25,42,21
90120B,blue murano twist bracelet,4.17,41,21
90120C,green murano twist bracelet,4.25,32,17
90120D,white murano twist bracelet,4.14,37,20
90121B,vintage rose bead bracelet blue,4.25,15,9
90122A,pink crystal+glass bracelet,4.95,24,14
90122B,jade crystal+glass bracelet,4.95,25,14
90122C,turquoise crystal+glass bracelet,4.95,25,15
90123A,pink heart of glass bracelet,5.95,27,18
90123B,turquoise heart of glass bracelet,5.95,18,11
90123C,green heart of glass bracelet,5.95,16,9
90123D,white heart of glass bracelet,5.95,12,8
90124A,pink murano twist necklace,9.95,24,16
90124B,blue murano twist necklace,9.95,17,11
90124C,green murano twist necklace,9.95,13,8
90125A,pink bertie glass bead bag charm,1.58,28,12
90125B,aqua bertie glass bead bag charm,1.89,14,6
90125C,turquoise bertie glass bead charm,1.68,13,6
90125D,purple bertie glass bead bag charm,1.76,23,11
90125E,amber bertie glass bead bag charm,2.1,2,2
90126A,pink bertie mobile phone charm,1.69,8,4
90126C,amber bertie mobile phone charm,1.69,6,2
90127A,pink beads+hand phone charm,1.25,3,1
90127B,blue beads+hand phone charm,1.25,2,2
90128A,pink leaves and beads phone charm,1.25,8,5
90128B,blue leaves and beads phone charm,1.25,8,5
90128C,green leaves and beads phone charm,1.25,5,3
90128D,purple leaves and beads phone char,1.25,3,2
90129A,pink glass tassle bag charm,2.95,25,16
90129B,turquoise glass tassle bag charm,2.95,31,18
90129C,green glass tassle bag charm,2.95,29,17
90129D,amber glass tassle bag charm,2.95,21,12
90129E,purple glass tassle bag charm,2.95,21,11
90129F,red glass tassle bag charm,2.95,24,14
90130A,white stone/crystal earrings,2.95,11,6
90130B,turq stone/crystal earrings,2.95,9,4
90130C,green stone/crystal earrings,2.95,2,2
90130D,red stone/crystal earrings,2.95,3,1
90131,pink/amethyst/gold necklace,6.95,7,4
90133,teal/fuschia col bead necklace,4.95,12,7
90134,old rose combo bead necklace,2.95,6,2
90135,orange/wht/fuschia stones necklace,4.95,3,1
90135A,orange/fuschia stones necklace,4.95,5,2
90136,pale pink/amethyst stone necklace,9.95,3,2
90137,pink combo mini crystals necklace,4.95,14,8
90138,white/pink mini crystals necklace,4.95,7,5
90139,flower brooch 4 assorted colours,4.95,5,3
90140,pink sweetie necklace,7.5,5,3
90141A,green pendant triple shell necklace,4.95,6,4
90141B,ivory pendant triple shell necklace,4.95,4,2
90141C,turq pendant triple shell necklace,4.95,6,4
90141D,rose pendant triple shell necklace,4.95,2,1
90141E,orange pendant triple shell necklac,4.95,6,3
90142D,mop pendant shell necklace,4.95,7,4
90143,silver bracelet w pastel flower,7.22,37,18
90144,silver drop earrings with flower,3.75,19,11
90145,silver hoop earrings with flower,5.95,41,23
90146,fine silver necklace w pastel flowe,7.23,27,14
90147,chunky silver necklace pastel flowe,9.95,61,39
90148,long silver necklace pastel flower,12.75,24,16
90149,silver flowr pink shell necklace,7.34,13,7
90150,blue shell+silver necklace,7.5,11,7
90151,silver/natural shell necklace,8.5,11,7
90152A,silver/nat shell necklace w pendant,5.95,4,4
90152B,blue/green shell necklace w pendant,5.95,5,4
90152C,blue/nat shell necklace w pendant,5.95,6,4
90154,lazer cut necklace w pastel beads,8.67,9,6
90155,resin necklace w pastel beads,7.5,18,12
90156,resin bracelet w pastel beads,4.95,13,7
90157,riviera necklace,4.95,30,16
90158,st tropez necklace,4.95,18,11
90159,cote d'azure necklace,4.95,25,15
90160A,purple boudicca large bracelet,6.95,33,20
90160B,red boudicca large bracelet,6.76,40,23
90160C,turq+red boudicca large bracelet,6.95,53,32
90160D,pink boudicca large bracelet,6.95,39,21
90161A,ant copper red boudicca bracelet,4.95,24,14
90161B,ant copper turq boudicca bracelet,4.95,52,26
90161C,ant copper lime boudicca bracelet,4.95,64,34
90161D,ant copper pink boudicca bracelet,4.85,46,24
90162A,ant silver turquoise boudicca ring,2.95,18,10
90162B,ant silver lime green boudicca ring,2.95,35,19
90162C,ant silver fuschia boudicca ring,2.95,31,16
90162D,ant silver purple boudicca ring,2.95,21,12
90163A,pink rosebud & pearl necklace,7.5,10,5
90163B,white rosebud & pearl necklace,7.5,4,2
90164A,pink rosebud pearl bracelet,5.12,15,7
90164B,white  rosebud pearl bracelet,3.34,18,8
90165A,pink rosebud pearl earrings,2.55,6,2
90165B,white rosebud  pearl earrings,2.55,12,6
90166,pink & white rosebud ring,4.2,16,11
90167,beaded love heart jewellery set,0.84,225,75
90168,2 daisies hair comb,2.95,9,3
90169,daisy hair comb,2.55,8,3
90170,daisy hair band,1.65,24,10
90171,daisy ring,1.25,5,2
90173,pair butterfly hair clips,3.75,16,8
90174,butterfly hair band,2.55,9,4
90175A,white glass chunky charm bracelet,8.72,49,28
90175B,pink glass chunky charm bracelet,8.03,12,7
90175C,blue glass chunky charm bracelet,8.95,28,17
90175D,tigris eye chunky charm bracelet,8.95,23,15
90176A,classic diamante necklace jet,7.5,5,3
90176B,diamante necklace black,7.5,3,2
90176C,diamante necklace,7.5,7,4
90176D,diamante necklace purple,7.5,10,6
90176E,diamante necklace green,7.5,3,2
90177A,classic diamante earrings jet,2.95,4,2
90177B,drop diamante earrings black diamon,2.95,9,5
90177C,drop diamante earrings crystal,2.95,10,6
90177D,drop diamante earrings purple,2.95,19,10
90177E,drop diamante earrings green,2.95,5,3
90178A,amber chunky glass+bead necklace,11.95,19,15
90178B,purple chunky glass+bead necklace,11.95,13,9
90179A,amber fine bead necklace w tassel,5.95,7,5
90179B,purple fine bead necklace w tassel,5.95,7,5
90179C,black fine bead necklace w tassel,5.95,10,7
90180A,black+white necklace w tassel,9.58,26,19
90180B,purple amethyst necklace w tassel,9.95,14,10
90181A,amber glass/shell/pearl necklace,8.95,3,3
90182C,black 3 bead drop earrings,2.95,5,2
90183A,amber drop earrings w long beads,2.95,14,6
90183C,black drop earrings w long beads,2.95,2,2
90184A,amber chunky bead bracelet w strap,8.95,21,12
90184B,amethyst chunky bead bracelet w str,8.95,40,26
90184C,black chunky bead bracelet w strap,8.95,39,26
90185A,amber diamante expandable ring,4.25,20,9
90185B,amethyst diamante expandable ring,4.25,25,13
90185C,black diamante expandable ring,4.25,35,19
90185D,crystal diamante expandable ring,4.25,32,16
90186A,amethyst hoop earring floral leaf,2.95,30,16
90186B,crystal hoop earring floral leaf,2.95,23,13
90187A,blue drop earrings w bead cluster,3.35,2,1
90187B,green drop earrings w bead cluster,3.35,4,2
90188,drop earrings w flower & leaf,2.55,3,3
90189A,silver 2 strand necklace-leaf charm,7.5,8,5
90189B,gold 2 strand necklace-leaf charms,7.5,3,2
90190A,silver/crystal drop earrings w leaf,2.95,13,8
90190B,gold/amber drop earrings w leaf,2.95,15,6
90190C,silver/amethyst drop earrings leaf,2.95,17,10
90191,silver lariat 40cm,10.65,22,14
90192,jade drop earrings w filigree,4.95,40,19
90194,silver lariat black stone earrings,4.25,20,14
90195A,purple gemstone bracelet,8.26,42,26
90195B,black gemstone bracelet,8.65,32,20
90196A,purple gemstone necklace 45cm,12.75,13,9
90196B,black gemstone necklace 45cm,12.75,13,10
90197B,black glass bracelet w heart charms,4.95,4,2
90197D,amber glass bracelet heart charms,4.95,6,4
90198A,vintage rose bead bracelet raspberr,4.25,46,26
90198B,vintage rose bead bracelet black,4.25,54,32
90199A,5 strand glass necklace black,6.35,13,9
90199B,5 strand glass necklace amethyst,6.35,16,12
90199C,5 strand glass necklace crystal,6.32,43,28
90199D,5 strand glass necklace amber,6.35,12,9
90200A,purple sweetheart bracelet,4.25,76,43
90200B,black sweetheart bracelet,4.25,88,45
90200C,blue sweetheart bracelet,4.25,79,41
90200D,pink sweetheart bracelet,4.24,107,55
90200E,green sweetheart bracelet,4.24,99,53
90201A,purple enamel flower ring,2.95,44,20
90201B,black enamel flower ring,2.95,49,18
90201C,red enamel flower ring,2.95,45,19
90201D,green enamel flower ring,2.95,39,16
90202A,purple enamel flower hair tie,2.95,5,3
90202B,white enamel flower hair tie,2.95,6,3
90202C,green enamel flower hair tie,2.95,6,4
90202D,pink enamel flower hair tie,2.95,11,5
90203,silver charm necklace 70cm,7.5,43,24
90204,pair of enamel butterfly hairclip,3.35,12,9
90205A,large mint diamante hairslide,1.65,10,6
90205C,large crystal diamante hairslide,1.61,9,5
90206A,gold diamante star brooch,4.95,9,6
90206C,crystal diamante star brooch,4.95,17,11
90208,pair of enamel flower cluster slide,2.51,28,12
90209A,purple enamel+glass hair comb,2.0,27,10
90209B,green enamel+glass hair comb,2.03,44,19
90209C,pink enamel+glass hair comb,2.04,57,24
90210A,grey acrylic faceted bangle,2.63,26,12
90210B,clear acrylic faceted bangle,2.6,37,17
90210C,red   acrylic faceted bangle,2.14,23,9
90210D,purple acrylic faceted bangle,2.2,29,12
90211A,diamond las vegas necklace 45cm,5.95,9,5
90211B,jet black las vegas necklace 45cm,5.95,15,8
90212B,jet black las vegas bracelet round,3.75,12,7
90212C,purple las vegas bracelet round,3.75,10,5
90214A,"letter ""a"" bling key ring",1.21,69,45
90214B,"letter ""b"" bling key ring",1.19,25,16
90214C,"letter ""c"" bling key ring",1.14,56,35
90214D,"letter ""d"" bling key ring",1.15,31,19
90214E,"letter ""e"" bling key ring",1.16,52,33
90214F,"letter ""f"" bling key ring",1.1,18,13
90214G,"letter ""g"" bling key ring",1.11,33,21
90214H,"letter ""h"" bling key ring",1.17,34,23
90214I,"letter ""i"" bling key ring",1.09,20,12
90214J,"letter ""j"" bling key ring",1.22,47,30
90214K,"letter ""k"" bling key ring",1.19,67,45
90214L,"letter ""l"" bling key ring",1.18,51,29
90214M,"letter ""m"" bling key ring",1.22,46,29
90214N,"letter ""n"" bling key ring",1.15,29,19
90214O,"letter ""o"" bling key ring",1.18,19,13
90214P,"letter ""p"" bling key ring",1.09,27,18
90214R,"letter ""r"" bling key ring",1.15,28,19
90214S,"letter ""s"" bling key ring",1.17,53,35
90214T,"letter ""t"" bling key ring",1.17,20,12
90214U,"letter ""u"" bling key ring",0.77,4,2
90214V,"letter ""v"" bling key ring",1.14,12,9
90214W,"letter ""w"" bling key ring",0.93,5,3
90214Y,"letter ""y"" bling key ring",0.87,9,5
90214Z,"letter ""z"" bling key ring",1.06,8,5
ADJUST,adjustment by john on 26/01/2010 16,110.58,32,32
ADJUST2,adjustment by peter on jun 25 2010,243.68,3,3
BANK CHARGES,bank charges,14.52,31,31
C2,carriage,50.52,249,248
D,discount,41.38,7,5
DOT,dotcom postage,744.15,16,16
M,manual,214.79,1151,681
PADS,pads to match all cushions,0.0,17,17
POST,postage,29.95,3390,1802
SP1002,kid's chalkboard/easel,2.95,3,2
TEST001,this is a test product.,4.5,27,9
TEST002,this is a test product.,1.0,1,1
