AuctId,Bid,Time,Length
2920317714,0.01,1.45641,7
2920317714,10.5,1.46728,7
2920317714,15.5,1.46743,7
2920317714,17.25,1.48229,7
2920317714,26,1.62227,7
2920317714,33.85,1.90719,7
2920317714,36.85,1.90741,7
2920317714,41.25,1.90792,7
2920317714,44.02,1.90822,7
2920317714,47,2.06006,7
2920317714,49,3.18942,7
2920317714,51,3.61534,7
2920317714,53,3.82137,7
2920317714,76,4.0331,7
2920317714,91,4.15194,7
2920317714,102.5,4.8828,7
2920317714,122.5,4.98822,7
2920317714,132.5,5.02484,7
2920317714,152.5,5.14155,7
2920317714,162.5,5.14171,7
2920317714,172.5,5.14188,7
2920317714,182.5,5.50279,7
2920317714,197.5,5.71531,7
2920317714,200,5.7158,7
2920317714,202.5,5.90829,7
2920317714,207.5,5.9577,7
2920317714,212.5,5.97255,7
2920317714,222.5,6.91679,7
2920317714,236.5,6.9363,7
2920317714,250,6.95743,7
2920317714,255,6.97439,7
2920317714,260,6.97751,7
2920320059,0.01,1.4036,3
2920320059,30.75,1.44493,3
2920320059,51,1.45184,3
2920320059,100,1.5117,3
2920320059,102.5,1.73032,3
2920320059,118.25,1.83111,3
2920320059,128.5,1.83222,3
2920320059,148.25,1.8815,3
2920320059,154.5,2.02583,3
2920320059,174.5,2.04309,3
2920320059,179.5,2.04764,3
2920320059,200,2.08123,3
2920320059,202.5,2.08149,3
2920320059,207.5,2.15163,3
2920320059,211.29,2.22221,3
2920320059,217.5,2.55299,3
2920320059,227.5,2.5537,3
2920320059,232.5,2.55424,3
2920320059,237.5,2.55559,3
2920320059,240,2.55612,3
2920320059,242.5,2.5767,3
2920320059,247.5,2.69587,3
2920320059,251.86,2.69597,3
2920320059,256.86,2.69617,3
2920322392,0.01,1.43791,5
2920322392,1.25,1.77995,5
2920322392,2.25,1.94888,5
2920322392,5.5,1.94964,5
2920322392,10.5,1.9499,5
2920322392,15.5,1.9508,5
2920322392,20.5,1.95122,5
2920322392,26,2.00767,5
2920322392,28,2.00813,5
2920322392,31,2.01419,5
2920322392,36,2.01441,5
2920322392,50,2.01481,5
2920322392,51,2.01517,5
2920322392,56,2.02054,5
2920322392,59,2.04178,5
2920322392,66,2.85693,5
2920322392,102.5,3.46043,5
2920322392,122.5,3.59774,5
2920322392,125,3.66049,5
2920322392,127.5,4.02281,5
2920322392,152.5,4.05243,5
2920322392,157.5,4.05513,5
2920322392,167.5,4.06443,5
2920322392,193.56,4.06497,5
2920322392,200,4.63941,5
2920322392,202.5,4.90398,5
2920322392,227.5,4.92611,5
2920322392,232.5,4.92821,5
2920322392,237.5,4.9285,5
2920322392,241.4,4.94738,5
2920322392,255,4.99868,5
2920322392,260,4.99927,5
2920504693,0.01,0.48513,7
2920504693,0.06,0.578,7
2920504693,10.5,0.64245,7
2920504693,20.5,0.64259,7
2920504693,31,0.64267,7
2920504693,36,0.64277,7
2920504693,46.01,0.64287,7
2920504693,49,0.97539,7
2920504693,51,1.62326,7
2920504693,53.5,2.10383,7
2920504693,76,2.52994,7
2920504693,100,2.81292,7
2920504693,102.5,2.8131,7
2920504693,112.5,2.95437,7
2920504693,117.5,3.07458,7
2920504693,142.5,3.53089,7
2920504693,162.5,3.91347,7
2920504693,172.5,3.91368,7
2920504693,202.5,4.48059,7
2920504693,205,6.66458,7
2920504693,207.5,6.66515,7
2920504693,212.51,6.70912,7
2920504693,218,6.72319,7
2920504693,227.5,6.81559,7
2920504693,238.02,6.99983,7
3013377929,0.01,0.08417,10
3013377929,1.25,0.12041,10
3013377929,10.5,0.17834,10
3013377929,11.5,1.1823,10
3013377929,15.5,1.18991,10
3013377929,31,2.05721,10
3013377929,41,2.05749,10
3013377929,51,2.84223,10
3013377929,61,2.90028,10
3013377929,70.69,2.90046,10
3013377929,76,5.79344,10
3013377929,81,6.46968,10
3013377929,90,7.82425,10
3013377929,91,7.85082,10
3013377929,102.49,9.25668,10
3013377929,131.49,9.63279,10
3013377929,142.19,9.91206,10
3013377929,162.5,9.94876,10
3013377929,167.5,9.94934,10
3013377929,172.5,9.95194,10
3013377929,175,9.97639,10
3013377929,177.5,9.97688,10
3013377929,182.5,9.98524,10
3013377929,190,9.98747,10
3013377929,192.5,9.99975,10
3013787547,1,0.09819,7
3013787547,2.25,0.52373,7
3013787547,3.25,0.5239,7
3013787547,10,0.52416,7
3013787547,10.5,0.52527,7
3013787547,11.5,0.77338,7
3013787547,22.5,0.79229,7
3013787547,28.5,0.79265,7
3013787547,36,0.79372,7
3013787547,41,0.79398,7
3013787547,102.5,1.90184,7
3013787547,177.5,2.8991,7
3013787547,187.5,4.04524,7
3013787547,200,4.45076,7
3013787547,213.19,4.45749,7
3013787547,221.5,5.17566,7
3013787547,226.5,6.94006,7
3013787547,231.5,6.94017,7
3013839128,9.99,0.12095,7
3013839128,31,0.20502,7
3013839128,36,0.66706,7
3013839128,41,0.95291,7
3013839128,51,0.95299,7
3013839128,61,1.08919,7
3013839128,63,1.09766,7
3013839128,70,1.13818,7
3013839128,71,1.35903,7
3013839128,89,2.55685,7
3013839128,90.69,3.10281,7
3013839128,137.5,3.1744,7
3013839128,150,3.28028,7
3013839128,152.5,3.28044,7
3013839128,162.19,3.28862,7
3013839128,182.5,4.36833,7
3013839128,191.5,4.36848,7
3013839128,212.5,6.322,7
3013839128,217.5,6.50962,7
3013839128,228.5,6.57052,7
3013839128,237.5,6.98344,7
3013839128,251.11,6.99924,7
3013874420,215,4.30582,7
3013874420,217.5,6.743,7
3013874420,220,6.98481,7
3013874420,222.5,6.98515,7
3013874420,225,6.99418,7
3013874420,227.5,6.99434,7
3013874420,242.5,6.99718,7
3013874420,245,6.9975,7
3013874420,247.5,6.99766,7
3013884772,155,0.13826,7
3013884772,157.5,3.36528,7
3013884772,162.51,6.69711,7
3013884772,167.51,6.81655,7
3013884772,177.5,6.81691,7
3013884772,192.5,6.81722,7
3013884772,200,6.81741,7
3013884772,202.5,6.92476,7
3013884772,205.5,6.95086,7
3013884772,210,6.95861,7
3013884772,212.5,6.9588,7
3013884772,215.5,6.9617,7
3013884772,220.5,6.97361,7
3013884772,225.01,6.97378,7
3013884772,227.51,6.97398,7
3013884772,230.01,6.98353,7
3013884772,235,6.98711,7
3013884772,237.5,6.98726,7
3013912877,50,0.17017,7
3013912877,51,0.63686,7
3013912877,51,0.63748,7
3013912877,76,1.20961,7
3013912877,76,1.20983,7
3013912877,77,1.67221,7
3013912877,122.5,3.79575,7
3013912877,127.5,4.03796,7
3013912877,142.5,4.03816,7
3013912877,152.5,4.03833,7
3013912877,157.5,4.67493,7
3013912877,160,4.67525,7
3013912877,162.5,4.67667,7
3013912877,165,6.04902,7
3013912877,172.5,6.27389,7
3013912877,177.5,6.27428,7
3013912877,182.5,6.27454,7
3013912877,192.5,6.27529,7
3013912877,200,6.27572,7
3013912877,202.5,6.91917,7
3013912877,222.5,6.94009,7
3013912877,227.5,6.94028,7
3013912877,232.5,6.9798,7
3013951754,140,3.04558,5
3013951754,132.5,3.95325,5
3013951754,137.5,4.07134,5
3013951754,142.5,4.78457,5
3013951754,152.5,4.80118,5
3013951754,155,4.81338,5
3013951754,162.5,4.84536,5
3013951754,170,4.84625,5
3013951754,172.5,4.8465,5
3013951754,175.5,4.8699,5
3013951754,180.5,4.8802,5
3013951754,185.5,4.88056,5
3013951754,190.5,4.88082,5
3013951754,195.5,4.88104,5
3013951754,200.5,4.89443,5
3013951754,227.5,4.90876,5
3013951754,232.5,4.93648,5
3013951754,242.5,4.9659,5
3014012075,225,4.88691,5
3014012075,232.5,4.95267,5
3014012075,242.5,4.95834,5
3014012075,250,4.95903,5
3014012355,39,0.96601,7
3014012355,40,1.07693,7
3014012355,42,2.16142,7
3014012355,51,3.12234,7
3014012355,53,3.12469,7
3014012355,55,3.12484,7
3014012355,57,3.125,7
3014012355,60,3.12512,7
3014012355,62,3.12524,7
3014012355,66,3.12547,7
3014012355,71,3.12574,7
3014012355,76,3.12588,7
3014012355,81,3.12596,7
3014012355,83,3.12605,7
3014012355,85,3.12632,7
3014012355,91,3.12646,7
3014012355,96,3.12664,7
3014012355,102.5,3.12674,7
3014012355,107.5,3.12691,7
3014012355,152.5,4.97382,7
3014012355,152.5,4.97457,7
3014012355,167.5,5.89084,7
3014012355,172.5,6.32855,7
3014012355,192.19,6.36044,7
3014012355,197.5,6.51883,7
3014012355,200.01,6.58279,7
3014012355,202.51,6.58384,7
3014012355,205.05,6.63127,7
3014012355,207.55,6.85285,7
3014012355,217.5,6.87966,7
3014012355,227.5,6.92681,7
3014012355,232.5,6.92737,7
3014012355,232.5,6.93801,7
3014012355,235,6.99872,7
3014012355,237.5,6.99889,7
3014012365,39,0.07534,7
3014012365,66,1.09355,7
3014012365,71,1.0948,7
3014012365,85,1.5614,7
3014012365,96,1.61331,7
3014012365,102.5,2.04567,7
3014012365,105.5,2.53758,7
3014012365,152.5,3.60035,7
3014012365,157.5,4.66387,7
3014012365,172.5,5.89144,7
3014012365,175.52,5.89535,7
3014012365,178.02,6.22929,7
3014012365,187.5,6.40558,7
3014012365,192.5,6.4058,7
3014012365,212.5,6.57478,7
3014012365,227.5,6.85166,7
3014012365,237.5,6.85199,7
3014085073,200,3.30074,5
3014085073,202.5,4.95226,5
3014085073,207.5,4.98047,5
3014085073,222.5,4.98091,5
3014085073,225,4.99672,5
3014085073,227.5,4.99692,5
3014085073,232.5,4.99767,5
3014085073,235.66,4.99817,5
3014085073,238.16,4.99837,5
3014085073,241.16,4.99891,5
3014085073,243.66,4.99939,5
3014085073,246.16,4.99957,5
3014085073,254.02,4.99963,5
3014085073,259.02,4.99981,5
3014314236,259,1.59891,5
3014314236,264,4.84397,5
3014314236,270,4.85265,5
3014314236,275,4.89684,5
3014314236,280,4.89775,5
3014467615,1,1.00477,7
3014467615,2.75,2.16941,7
3014467615,5.5,2.16969,7
3014467615,26,2.16999,7
3014467615,51,2.17052,7
3014467615,61,2.17072,7
3014467615,71,2.17087,7
3014467615,76,2.17106,7
3014467615,100,2.17123,7
3014467615,102.5,4.72309,7
3014467615,190.5,4.73405,7
3014467615,202.5,5.87631,7
3014467615,222.5,6.08626,7
3014467615,232.5,6.54214,7
3014467615,250,6.89149,7
3014467615,255,6.91508,7
3014467615,263,6.92082,7
3014467615,270,6.9261,7
3014467615,275,6.92696,7
3014467615,280,6.98565,7
3014480955,179.99,6.03233,7
3014480955,192.63,6.10021,7
3014480955,197.63,6.18931,7
3014480955,200.15,6.19169,7
3014480955,202.65,6.45657,7
3014480955,205.15,6.6913,7
3014480955,207.65,6.82411,7
3014480955,227.5,6.84255,7
3014480955,247.5,6.86888,7
3014480955,250,6.92429,7
3014480955,255,6.92604,7
3014480955,260,6.93416,7
3014527296,15,0.48374,7
3014527296,20.5,1.67547,7
3014527296,21.5,1.85057,7
3014527296,26.32,2.61199,7
3014527296,31,2.74693,7
3014527296,56,3.63006,7
3014527296,61,4.93487,7
3014527296,77.01,5.1601,7
3014527296,81,5.24289,7
3014527296,100,5.24749,7
3014527296,102.5,5.55499,7
3014527296,107.5,5.57939,7
3014527296,132.5,5.57953,7
3014527296,144.5,5.57972,7
3014527296,150,6.45753,7
3014527296,152.5,6.64394,7
3014527296,152.5,6.64546,7
3014527296,200,6.66514,7
3014527296,202.5,6.66539,7
3014527296,202.5,6.66567,7
3014527296,222.5,6.81929,7
3014572100,10,1.26339,7
3014572100,11.5,1.29044,7
3014572100,50,2.83057,7
3014572100,51,2.83117,7
3014572100,51,2.8315,7
3014572100,53,3.99252,7
3014572100,55,3.99269,7
3014572100,56,4.26956,7
3014572100,102.5,5.27216,7
3014572100,122.5,5.38622,7
3014572100,152.5,5.51535,7
3014572100,172.5,5.51553,7
3014572100,182.5,5.51569,7
3014572100,190,6.61832,7
3014572100,215.07,6.89365,7
3014572100,220.01,6.97366,7
3014572100,222.51,6.97378,7
3014572100,222.51,6.97786,7
3014572100,225.01,6.99419,7
3014572100,237.5,6.99541,7
3014572100,240,6.99669,7
3014616784,9.99,1.87063,7
3014616784,20.5,2.98088,7
3014616784,31,2.98128,7
3014616784,41,2.98171,7
3014616784,51,2.98223,7
3014616784,61,2.98988,7
3014616784,66,2.99003,7
3014616784,66,3.1166,7
3014616784,71,4.91459,7
3014616784,76,4.91478,7
3014616784,80.87,5.23016,7
3014616784,80.87,5.23045,7
3014616784,102.5,6.20076,7
3014616784,150,6.2826,7
3014616784,152.5,6.60823,7
3014616784,202.51,6.77097,7
3014616784,208.5,6.89313,7
3014616784,224.01,6.98848,7
3014616784,228.05,6.98919,7
3014616784,231.51,6.99061,7
3014616784,234.01,6.99104,7
3014616784,234.01,6.99146,7
3014616784,234.01,6.99234,7
3014671042,2,1.58411,7
3014671042,15.5,2.9984,7
3014671042,152.5,4.97462,7
3014671042,200,5.75315,7
3014671042,202.5,5.75391,7
3014671042,227.5,6.82368,7
3014671042,232.5,6.85582,7
3014671042,247.5,6.92231,7
3014671042,252.51,6.92598,7
3014772364,255,3.1861,5
3014772364,260,4.99049,5
3014772364,270,4.99971,5
3014792711,100,0.10164,7
3014792711,104.5,0.55962,7
3014792711,127.51,1.56867,7
3014792711,162.5,4.21123,7
3014792711,224.71,6.09297,7
3014792711,228.05,6.6069,7
3014792711,233.02,6.63828,7
3014797177,1,0.08198,3
3014797177,20,0.08344,3
3014797177,20.5,0.08369,3
3014797177,20.5,0.08473,3
3014797177,26,0.66929,3
3014797177,26,1.01398,3
3014797177,26,1.01422,3
3014797177,26,1.01608,3
3014797177,36,1.05005,3
3014797177,36,1.05046,3
3014797177,102.5,2.06449,3
3014797177,102.5,2.06471,3
3014797177,122.5,2.09631,3
3014797177,152.5,2.12447,3
3014797177,177.5,2.12486,3
3014797177,181,2.17034,3
3014797177,183.5,2.50825,3
3014797177,187.5,2.62788,3
3014797177,202.5,2.92094,3
3014797177,212.5,2.92116,3
3014797177,217.5,2.92141,3
3014797177,222.5,2.92183,3
3014834745,1,0.07909,3
3014834745,1.25,0.88816,3
3014834745,31,0.92253,3
3014834745,33,1.25073,3
3014834745,66,1.49613,3
3014834745,71,1.85567,3
3014834745,73,1.85632,3
3014834745,76,1.98228,3
3014834745,127.5,2.16632,3
3014834745,147.51,2.16672,3
3014834745,152.5,2.71593,3
3014834745,152.5,2.79854,3
3014834745,155,2.81243,3
3014834745,157.5,2.81303,3
3014834745,162.5,2.81537,3
3014834745,187.5,2.85128,3
3014834745,202.5,2.8534,3
3014834745,205,2.86336,3
3014834745,207.5,2.94358,3
3014834745,211,2.96098,3
3014834745,213.5,2.96245,3
3014834982,1,0.62721,5
3014834982,3,0.74271,5
3014834982,3.25,0.89618,5
3014834982,3.25,0.89633,5
3014834982,3.25,0.89652,5
3014834982,3.25,0.89669,5
3014834982,3.25,0.89689,5
3014834982,5.5,0.95251,5
3014834982,41,1.53892,5
3014834982,71,1.56205,5
3014834982,76,1.56219,5
3014834982,102.5,2.4703,5
3014834982,123.5,3.20412,5
3014834982,132.5,3.27206,5
3014834982,137.5,4.26397,5
3014834982,152.5,4.26559,5
3014834982,178.49,4.26928,5
3014834982,200,4.31105,5
3014834982,202.5,4.96101,5
3014834982,217.5,4.99721,5
3014835507,1,0.07311,7
3014835507,1.25,1.38214,7
3014835507,1.76,2.25895,7
3014835507,10.5,2.25907,7
3014835507,15.5,2.70767,7
3014835507,31,3.10907,7
3014835507,36.22,3.54817,7
3014835507,61,4.57716,7
3014835507,71,4.57737,7
3014835507,100,5.00795,7
3014835507,102.5,5.46542,7
3014835507,107.5,5.59249,7
3014835507,112.5,5.59278,7
3014835507,117.5,6.23251,7
3014835507,121,6.23792,7
3014835507,123.5,6.23817,7
3014835507,126,6.50729,7
3014835507,132.5,6.5223,7
3014835507,137.5,6.52251,7
3014835507,142.5,6.52271,7
3014835507,150,6.52289,7
3014835507,152.5,6.52308,7
3014835507,162.5,6.60916,7
3014835507,182.5,6.67677,7
3014835507,192.5,6.6774,7
3014835507,202.5,6.93164,7
3014835507,207.5,6.95068,7
3014836964,1,1.3788,7
3014836964,10.5,1.47744,7
3014836964,13.26,2.25556,7
3014836964,15.5,2.34172,7
3014836964,20.34,2.52714,7
3014836964,51,3.54471,7
3014836964,56,4.01314,7
3014836964,76,4.01609,7
3014836964,100,4.01646,7
3014836964,102.5,4.88483,7
3014836964,123.5,5.46216,7
3014836964,152.5,5.60436,7
3014836964,177.5,6.65919,7
3014836964,202.5,6.6755,7
3014836964,205.51,6.95372,7
3014836964,208.01,6.97751,7
3014844738,1,0.02727,3
3014844738,1.25,0.87109,3
3014844738,41,0.90097,3
3014844738,43,1.19943,3
3014844738,66,1.44429,3
3014844738,71,1.67001,3
3014844738,75,2.10412,3
3014844738,76,2.1077,3
3014844738,77,2.11472,3
3014844738,81,2.15705,3
3014844738,102.5,2.41826,3
3014844738,138.06,2.41853,3
3014844738,147.5,2.50034,3
3014844738,155,2.70323,3
3014844738,157.5,2.74458,3
3014844738,163.5,2.76392,3
3014844738,172.5,2.85094,3
3014844738,182.5,2.90021,3
3014844738,192.5,2.90509,3
3014844738,202.5,2.90561,3
3014844738,213.5,2.91146,3
3014844871,1,0.37517,5
3014844871,41,1.33169,5
3014844871,50,1.68803,5
3014844871,51,1.68846,5
3014844871,53,1.93964,5
3014844871,56,1.94015,5
3014844871,76,2.59773,5
3014844871,105,2.68249,5
3014844871,129,2.68292,5
3014844871,145,2.68336,5
3014844871,147.5,2.68363,5
3014844871,152.5,4.04716,5
3014844871,159.5,4.04723,5
3014844871,177.5,4.57197,5
3014844871,182.5,4.57247,5
3014844871,202.5,4.58465,5
3014844871,207.01,4.78553,5
3014844871,210,4.99865,5
3014878060,125,0.08766,7
3014878060,127.5,0.50319,7
3014878060,162.5,2.2502,7
3014878060,178,2.49729,7
3014878060,200,2.4986,7
3014878060,202.5,2.49918,7
3014878060,227.5,2.97123,7
3014878060,230,4.93943,7
3014878060,232.5,4.94067,7
3014878060,238.5,5.11517,7
3014878060,250,5.24398,7
3014878060,255,6.92733,7
3015010479,199.99,6.99825,7
3015011363,1,0.07374,3
3015011363,1.25,0.22963,3
3015011363,5.5,0.28537,3
3015011363,72,0.34596,3
3015011363,86,0.64553,3
3015011363,102.5,0.64628,3
3015011363,127.5,0.64674,3
3015011363,132.5,0.89755,3
3015011363,142.5,0.89792,3
3015011363,152.5,0.89957,3
3015011363,178,0.95002,3
3015011363,182.19,1.23125,3
3015011363,187.5,2.34438,3
3015011363,202.51,2.389,3
3015011363,202.51,2.39222,3
3015011363,205.01,2.64297,3
3015011363,205.01,2.66593,3
3015011363,213.08,2.75487,3
3015011363,223.08,2.89025,3
3015011363,232.51,2.97142,3
3015011363,237.51,2.97271,3
3015011363,240.01,2.98351,3
3015011363,242.51,2.98894,3
3015011363,248.01,2.99022,3
3015011363,255,2.9955,3
3015011363,255,2.99887,3
3015011363,268.47,2.99972,3
3015053455,1,0.19014,3
3015053455,20,0.1903,3
3015053455,20.5,0.28881,3
3015053455,31,0.44565,3
3015053455,31,0.44584,3
3015053455,86,1.33439,3
3015053455,101,1.33448,3
3015053455,103.5,1.33463,3
3015053455,107.5,1.55628,3
3015053455,132.5,2.00725,3
3015053455,150,2.17756,3
3015053455,152.5,2.49891,3
3015053455,157.5,2.74552,3
3015053455,162.5,2.77208,3
3015053455,187.5,2.77522,3
3015053455,200.51,2.88093,3
3015053455,203.01,2.94979,3
3015053455,206.5,2.96179,3
3015053455,206.5,2.96229,3
3015053455,206.5,2.96247,3
3015053455,210,2.96787,3
3015053455,212.5,2.9687,3
3015053455,212.5,2.96993,3
3015053455,212.5,2.97539,3
3015053455,216.5,2.99163,3
3015053455,216.5,2.99284,3
3015053536,1,0.29039,5
3015053536,5.5,0.43778,5
3015053536,15.5,0.43795,5
3015053536,20.5,0.43843,5
3015053536,31,0.76304,5
3015053536,64,1.37698,5
3015053536,76,1.62063,5
3015053536,102.5,2.44275,5
3015053536,123.5,2.456,5
3015053536,133.5,2.61729,5
3015053536,143.5,2.61749,5
3015053536,152.5,3.7742,5
3015053536,182.5,4.59128,5
3015053536,192.5,4.59199,5
3015053536,202.5,4.75809,5
3015053536,207.6,4.83431,5
3015053617,1,0.29066,7
3015053617,5.5,0.37269,7
3015053617,10.5,0.62944,7
3015053617,10.5,0.62969,7
3015053617,20.5,1.61317,7
3015053617,23.38,1.61352,7
3015053617,36,1.6137,7
3015053617,39,1.61388,7
3015053617,43,1.61412,7
3015053617,89,4.93634,7
3015053617,89,4.93667,7
3015053617,112.5,5.43074,7
3015053617,122.5,5.43094,7
3015053617,132.5,5.43116,7
3015053617,150.01,5.90006,7
3015053617,152.51,6.49571,7
3015053617,152.51,6.49625,7
3015053617,182.5,6.50182,7
3015053617,210.01,6.96049,7
3015060138,200,3.77472,5
3015060138,207.5,4.98866,5
3015060138,210,4.98877,5
3015060138,212.5,4.9889,5
3015103095,190,0.11252,7
3015103095,200,5.05667,7
3015103095,202.5,6.99994,7
3015148398,5,0.00756,7
3015148398,100,0.00831,7
3015148398,6.02,0.05896,7
3015148398,100,0.29049,7
3015148398,102.5,0.29071,7
3015148398,117.5,0.40957,7
3015148398,125,0.54671,7
3015148398,127.5,0.54715,7
3015148398,132.5,2.82691,7
3015148398,142.5,2.82708,7
3015148398,152.5,2.82779,7
3015148398,160,3.60634,7
3015148398,162.5,3.60648,7
3015148398,162.5,3.60713,7
3015148398,162.5,3.60723,7
3015148398,162.5,3.6074,7
3015148398,172.5,3.66053,7
3015148398,197.5,3.88306,7
3015148398,201,3.88351,7
3015148398,203.5,4.93013,7
3015148398,212.5,5.49899,7
3015148398,242.5,6.64896,7
3015148398,247.75,6.7917,7
3015148398,250.25,6.99839,7
3015148398,255.25,6.99916,7
3015318631,200,0.06221,3
3015318631,202.5,2.13655,3
3015318631,207.5,2.20715,3
3015318631,217.5,2.20748,3
3015318631,222.5,2.20794,3
3015318631,240,2.50443,3
3015318631,242.5,2.50479,3
3015318631,250,2.98997,3
3015318631,255,2.99023,3
3015328849,9,0.30106,7
3015328849,12.5,0.39014,7
3015328849,13.5,0.8764,7
3015328849,16,1.93769,7
3015328849,20.5,1.93787,7
3015328849,26,1.93806,7
3015328849,31,2.10678,7
3015328849,35.5,2.10707,7
3015328849,38,2.66424,7
3015328849,41,2.66438,7
3015328849,46,2.66453,7
3015328849,50,2.672,7
3015328849,54,2.70817,7
3015328849,66,2.7083,7
3015328849,67,2.70839,7
3015328849,71,5.88328,7
3015328849,75,6.00588,7
3015328849,76,6.0069,7
3015328849,91,6.05272,7
3015328849,102.5,6.18816,7
3015328849,107.51,6.35626,7
3015328849,123.51,6.35659,7
3015328849,126.01,6.35693,7
3015328849,128.51,6.41769,7
3015328849,133,6.55705,7
3015328849,137.5,6.59616,7
3015328849,151,6.64903,7
3015328849,153.5,6.74921,7
3015328849,158,6.76345,7
3015328849,177.5,6.99869,7
3015328849,202.5,6.99882,7
3015328849,210,6.9997,7
3015328849,212.5,6.9998,7
3015344188,230,4.52804,5
3015344188,235,4.85604,5
3015358053,255,4.54191,5
3015358053,260,4.91582,5
3015396986,1,0.29988,7
3015396986,51,0.46684,7
3015396986,76,0.46729,7
3015396986,102.07,0.46743,7
3015396986,102.07,0.81593,7
3015396986,104.57,0.8275,7
3015396986,122.5,2.62212,7
3015396986,122.5,2.62241,7
3015396986,122.5,2.62263,7
3015396986,152.5,3.87806,7
3015396986,163.53,4.15435,7
3015396986,179.05,4.45523,7
3015396986,192.48,4.45545,7
3015396986,200.33,4.45568,7
3015396986,202.83,4.59147,7
3015396986,207.83,5.49623,7
3015396986,212.5,5.91471,7
3015396986,227.5,6.96205,7
3015467305,1,0.17017,7
3015467305,10.5,0.70912,7
3015467305,15.5,0.70926,7
3015467305,41,1.28795,7
3015467305,51,2.37321,7
3015467305,70.02,4.40515,7
3015467305,76.09,4.40573,7
3015467305,78.09,4.40604,7
3015467305,83.03,4.4064,7
3015467305,88.02,4.40683,7
3015467305,91.02,4.40722,7
3015467305,94.02,4.40752,7
3015467305,100,4.40782,7
3015467305,102.5,4.40852,7
3015467305,105,6.00053,7
3015467305,107.5,6.06698,7
3015467305,127.5,6.15157,7
3015467305,138.5,6.15204,7
3015467305,151,6.15238,7
3015467305,153.5,6.38159,7
3015467305,163.5,6.39792,7
3015467305,168.51,6.39841,7
3015467305,182.5,6.74792,7
3015467305,199.5,6.87684,7
3015467305,205.01,6.90748,7
3015467305,210.01,6.90963,7
3015467305,214.5,6.91251,7
3015467305,220.5,6.9445,7
3015467305,225,6.99891,7
3015467305,227.5,6.99928,7
3015469474,100,1.05829,5
3015469474,108.5,2.08472,5
3015469474,113.51,4.11797,5
3015469474,118.52,4.11822,5
3015469474,142.5,4.12117,5
3015469474,152.5,4.34465,5
3015469474,157.5,4.56926,5
3015469474,162.5,4.56936,5
3015469474,168.5,4.79532,5
3015469474,175,4.79545,5
3015469474,177.5,4.79569,5
3015469474,180,4.81751,5
3015469474,182.5,4.81807,5
3015469474,185,4.92469,5
3015469474,190,4.95552,5
3015469474,195,4.95591,5
3015469474,200,4.98578,5
3015469474,205,4.9859,5
3015469474,210,4.98606,5
3015469474,215,4.98649,5
3015469474,220,4.98662,5
3015469474,225,4.98674,5
3015469474,227.5,4.98684,5
3015469474,230,4.99144,5
3015469474,235,4.99324,5
3015513105,215,4.86941,5
3015513105,217.5,4.98524,5
3015513105,226.54,4.99907,5
3015513105,229.04,4.99991,5
3015513123,215,5.73769,7
3015513138,215,1.93299,3
3015513138,222.5,2.76164,3
3015513138,226,2.96358,3
3015520083,1,0.09536,3
3015520083,20.5,0.12775,3
3015520083,26,0.16457,3
3015520083,31,0.16681,3
3015520083,41,0.16737,3
3015520083,51,0.16775,3
3015520083,76,0.16816,3
3015520083,102.5,0.16865,3
3015520083,126.5,1.46757,3
3015520083,137.5,2.65495,3
3015520083,152.5,2.65517,3
3015520083,162.5,2.65547,3
3015520083,172.5,2.65564,3
3015520083,182.5,2.67804,3
3015520083,187.5,2.69094,3
3015520083,202.5,2.77795,3
3015520083,205.55,2.77832,3
3015520083,208.05,2.78684,3
3015520083,213.05,2.98892,3
3015520299,1,0.29435,5
3015520299,51,0.43102,5
3015520299,54,0.43141,5
3015520299,61,0.43168,5
3015520299,68,0.43194,5
3015520299,68,0.86832,5
3015520299,70,2.43444,5
3015520299,71,2.43472,5
3015520299,102.5,2.68769,5
3015520299,126.5,3.13009,5
3015520299,126.5,3.13067,5
3015520299,151,4.02661,5
3015520299,153.5,4.38377,5
3015520299,207.5,4.67747,5
3015520299,211.02,4.79074,5
3015520299,211.02,4.81388,5
3015520299,216.02,4.83892,5
3015520299,220,4.8392,5
3015520299,222.5,4.83936,5
3015520299,226.02,4.99711,5
3015520299,226.02,4.99738,5
3015520551,1,0.48076,7
3015520551,1.25,0.50583,7
3015520551,5.5,0.67149,7
3015520551,7,1.4925,7
3015520551,8.5,1.49304,7
3015520551,10.5,1.49318,7
3015520551,19.5,2.43956,7
3015520551,19.5,2.4405,7
3015520551,51,3.00941,7
3015520551,152.5,4.22712,7
3015520551,162.5,4.22762,7
3015520551,162.5,5.09299,7
3015520551,177.51,5.98486,7
3015520551,177.51,5.98527,7
3015520551,202.5,6.99919,7
3015546956,150,0.11078,7
3015546956,152.5,0.5262,7
3015546956,152.5,1.58809,7
3015546956,155,1.6777,7
3015546956,157.5,1.67785,7
3015546956,157.5,1.67797,7
3015546956,157.5,1.67814,7
3015546956,157.5,1.67825,7
3015546956,157.5,1.67837,7
3015546956,157.5,1.67848,7
3015546956,157.5,1.67863,7
3015546956,157.5,1.67876,7
3015546956,162.5,4.52314,7
3015546956,202.5,4.5777,7
3015546956,207.5,4.5786,7
3015546956,250,4.57903,7
3015546956,255,5.73825,7
3015549707,10,0.08623,7
3015549707,207.5,0.5172,7
3015549707,211.05,2.87432,7
3015549707,213.55,2.87465,7
3015549707,217.5,6.06719,7
3015549707,232.5,6.50023,7
3015549707,250,6.50053,7
3015549707,255,6.62748,7
3015592850,179.99,4.69862,5
3015592850,182.49,4.74007,5
3015592850,200.21,4.74199,5
3015592850,202.71,4.74309,5
3015592850,212.5,4.77502,5
3015592850,218.01,4.89947,5
3015592850,223.01,4.93147,5
3015592850,231.02,4.9997,5
3015594808,245,6.76354,7
3015632013,20,0.90764,7
3015632013,31,1.90485,7
3015632013,33,2.60874,7
3015632013,51,3.41521,7
3015632013,56,3.78184,7
3015632013,76,4.22757,7
3015632013,78,4.22803,7
3015632013,81,5.04565,7
3015632013,102.5,5.26434,7
3015632013,122.5,5.26462,7
3015632013,132.5,5.45132,7
3015632013,135,6.25962,7
3015632013,137.5,6.27205,7
3015632013,142.5,6.29359,7
3015632013,147.5,6.29517,7
3015632013,152.5,6.296,7
3015632013,155,6.41405,7
3015632013,157.5,6.41427,7
3015632013,160,6.7398,7
3015632013,162.5,6.74765,7
3015632013,167.5,6.75466,7
3015632013,185.76,6.75527,7
3015632013,195.92,6.76252,7
3015632013,200,6.82696,7
3015632013,202.5,6.82789,7
3015632013,210,6.99013,7
3015632013,212.5,6.99895,7
3015632013,215.03,6.99987,7
3015682701,1,0.1436,7
3015682701,50,0.14571,7
3015682701,5.56,1.00125,7
3015682701,10.61,1.00142,7
3015682701,15.61,1.00153,7
3015682701,16.72,2.82642,7
3015682701,26,4.26211,7
3015682701,36,4.26248,7
3015682701,41,4.27869,7
3015682701,46,4.45618,7
3015682701,50,4.45642,7
3015682701,51,4.45858,7
3015682701,51,4.45899,7
3015682701,51,4.45917,7
3015682701,56,5.26561,7
3015682701,69.09,5.83612,7
3015682701,102.5,5.99779,7
3015682701,122.5,6.45122,7
3015682701,127.5,6.45162,7
3015682701,137.5,6.65911,7
3015682701,142.5,6.8078,7
3015682701,152.5,6.81037,7
3015682701,167.5,6.82323,7
3015682701,175,6.92718,7
3015682701,177.5,6.92729,7
3015682701,180,6.92924,7
3015682701,182.5,6.92944,7
3015682701,185,6.93584,7
3015682701,187.5,6.93691,7
3015682701,190.5,6.95376,7
3015682701,196.51,6.96257,7
3015682701,199.01,6.96318,7
3015682701,204.5,6.96382,7
3015682701,209.5,6.96424,7
3015682701,214.5,6.99248,7
3015682701,220,6.99289,7
3015682701,222.5,6.99346,7
3015694920,200,1.98684,3
3015694920,230,1.98703,3
3015694920,230,1.98719,3
3015694920,230,1.98726,3
3015694920,230,1.98734,3
3015694920,232.5,2.9666,3
3015706019,255,10.02567,10
3015710025,215,0.85899,3
3015710025,222.5,2.94147,3
3015710025,227.5,2.98255,3
3015710025,232.5,2.98287,3
3015710025,237.5,2.98312,3
3015710025,240,2.98328,3
3015710025,242.5,2.98341,3
3015710036,215,6.77983,7
3015710036,220,6.91343,7
3015710036,239,6.91361,7
3015710036,244.5,6.91402,7
3015710036,252,6.92116,7
3015710036,257,6.99836,7
3015710036,262,6.99983,7
3015710047,215,3.00468,5
3015710047,232.5,4.04897,5
3015710047,242.51,4.04951,5
3015710047,247.5,4.9205,5
3015710047,250.01,4.97602,5
3015710047,255.01,4.99244,5
3015826410,150,4.85507,7
3015826410,152.5,5.32525,7
3015826410,161,6.03135,7
3015826410,163.5,6.28274,7
3015826410,174.5,6.35611,7
3015826410,184.5,6.41696,7
3015826410,197,6.41781,7
3015826410,203.21,6.75657,7
3015826410,212.5,6.89115,7
3015826410,224.05,6.90593,7
3015826410,227.5,6.91686,7
3015826410,232.5,6.95512,7
3015860830,259,2.66885,3
3015860830,264,2.6891,3
3015860830,269,2.69302,3
3015860830,274,2.9794,3
3015898779,215,6.89859,7
3015898779,232,6.96365,7
3015898779,234.5,6.96547,7
3015898779,255,6.99326,7
3015909210,1,0.43182,3
3015909210,190,0.43228,3
3015909210,190,0.43278,3
3015909210,51.42,0.95449,3
3015909210,182.5,1.72565,3
3015909210,192.5,2.92064,3
3015909210,192.5,2.92083,3
3015909210,202.5,2.93228,3
3015909210,202.5,2.93279,3
3015909210,222.5,2.97315,3
3015909534,1,0.95328,5
3015909534,51.42,2.05659,5
3015909534,56,2.79079,5
3015909534,152.5,3.81794,5
3015909534,178.5,4.74556,5
3015909534,194.5,4.80769,5
3015909534,202.5,4.83564,5
3015909534,207.5,4.96809,5
3015909790,1,0.57626,7
3015909790,23.08,0.67926,7
3015909790,102.5,2.05663,7
3015909790,152.5,4.7456,7
3015909790,157.5,6.17481,7
3015909790,175.5,6.66141,7
3015909790,178.5,6.66975,7
3015909790,200.02,6.67683,7
3015909790,202.52,6.67698,7
3015909790,207.5,6.92166,7
3015915692,9.99,0.4322,7
3015915692,66.49,0.51229,7
3015915692,76,0.51317,7
3015915692,79,1.81964,7
3015915692,81.5,1.8199,7
3015915692,84.55,1.82021,7
3015915692,87,1.82047,7
3015915692,89,1.82094,7
3015915692,91,1.82193,7
3015915692,94.5,2.3538,7
3015915692,97,2.35394,7
3015915692,103.99,4.68653,7
3015915692,122.5,5.33977,7
3015915692,138,5.65885,7
3015915692,167.5,5.89437,7
3015915692,197.5,6.63738,7
3015915692,200,6.63756,7
3015915692,202.5,6.63795,7
3015915692,207.5,6.78914,7
3015915692,217.5,6.82845,7
3015915692,220,6.92582,7
3015942588,25,0.03309,5
3015942588,31,0.47865,5
3015942588,36.01,1.53979,5
3015942588,41,1.53988,5
3015942588,46,1.54,5
3015942588,56,1.54012,5
3015942588,71,2.17205,5
3015942588,102.5,2.17215,5
3015942588,122.5,2.17227,5
3015942588,142.5,3.42495,5
3015942588,152.5,3.82659,5
3015942588,162.5,3.82764,5
3015942588,184.01,4.12078,5
3015942588,192.5,4.39124,5
3015942588,200,4.39144,5
3015942588,200,4.39146,5
3015942588,202.5,4.39169,5
3015942588,202.5,4.39213,5
3015958025,0.01,0.2975,3
3015958025,10.5,0.37124,3
3015958025,36,0.45475,3
3015958025,41,0.45485,3
3015958025,46,0.45494,3
3015958025,50,0.45502,3
3015958025,51,0.45513,3
3015958025,52,1.66078,3
3015958025,53,1.66377,3
3015958025,61,1.92877,3
3015958025,75,2.11196,3
3015958025,76,2.13049,3
3015958025,91,2.17505,3
3015958025,102.5,2.17517,3
3015958025,182.51,2.42383,3
3015958025,202.51,2.42405,3
3015958025,217.51,2.42421,3
3015958025,220.01,2.42454,3
3015958025,222.51,2.64969,3
3015958025,226.03,2.92891,3
3016035790,9.99,1.81968,7
3016035790,10.5,3.36622,7
3016035790,12.5,3.97502,7
3016035790,15,4.03409,7
3016035790,15.5,5.00096,7
3016035790,17.55,5.43135,7
3016035790,159,5.48086,7
3016035790,161.5,6.72132,7
3016035790,161.5,6.84896,7
3016035790,164.01,6.86454,7
3016035790,197.5,6.92873,7
3016126751,0.01,0.22654,7
3016126751,1,0.67455,7
3016126751,1.25,0.67738,7
3016126751,36,1.43823,7
3016126751,41.5,2.54909,7
3016126751,103.5,4.48497,7
3016126751,175.01,4.50507,7
3016126751,177.51,4.5056,7
3016126751,199.01,6.36197,7
3016126751,201.51,6.36226,7
3016126751,210,6.98626,7
3016126751,212.5,7.03205,7
3016175144,0.01,0.12873,7
3016175144,0.06,0.3228,7
3016175144,0.16,0.33113,7
3016175144,1,0.33139,7
3016175144,1.25,0.33152,7
3016175144,1.75,1.38074,7
3016175144,2.25,1.4286,7
3016175144,10.5,1.42883,7
3016175144,20.5,1.42896,7
3016175144,29.6,1.49498,7
3016175144,51,1.73289,7
3016175144,61,1.96273,7
3016175144,71,1.96292,7
3016175144,100.6,2.29369,7
3016175144,103.1,3.39132,7
3016175144,142.5,3.76382,7
3016175144,150,5.51554,7
3016175144,152.5,5.51564,7
3016175144,162.5,5.87045,7
3016175144,177.5,5.9023,7
3016175144,182.5,5.90237,7
3016175144,192.5,5.90242,7
3016175144,200,5.90249,7
3016175144,202.5,5.90255,7
3016175144,205,6.06353,7
3016175144,207.5,6.06383,7
3016175144,210,6.07976,7
3016175144,212.5,6.07985,7
3016175144,215,6.4849,7
3016175144,220.5,6.52703,7
3016175144,227.5,6.52714,7
3016175144,232.5,6.52721,7
3016175144,235,6.52741,7
3016175144,237.5,7.04082,7
3016189459,1,0.78208,7
3016189459,26.32,1.31515,7
3016189459,50,3.53581,7
3016189459,51,3.53602,7
3016189459,52.01,4.33361,7
3016189459,81.01,5.13919,7
3016189459,122.5,5.24494,7
3016189459,127.5,5.25281,7
3016189459,147.5,5.60337,7
3016189459,152.5,6.31421,7
3016189459,202.5,6.98791,7
3016189459,210.21,6.99209,7
3016217050,1,0.27235,7
3016217050,1.25,0.61365,7
3016217050,20.5,0.70763,7
3016217050,46,0.90623,7
3016217050,50,3.52657,7
3016217050,51,3.85868,7
3016217050,61,3.91053,7
3016217050,63,4.14939,7
3016217050,103.5,4.47006,7
3016217050,154,4.84843,7
3016217050,177.5,5.61632,7
3016217050,192.5,6.17311,7
3016217050,202.5,6.95124,7
3016217050,207.5,7.03231,7
3016217050,232.5,7.0341,7
3016239658,0.01,0.07406,7
3016239658,0.11,0.15948,7
3016239658,1.25,0.53363,7
3016239658,20.5,0.56446,7
3016239658,31,0.5809,7
3016239658,50,2.01507,7
3016239658,51,2.17576,7
3016239658,61,3.14176,7
3016239658,142.5,3.51277,7
3016239658,147.5,5.57955,7
3016239658,152.5,5.62229,7
3016239658,157.5,5.83109,7
3016239658,162.5,5.83116,7
3016239658,167.5,5.83123,7
3016239658,172.5,5.83128,7
3016239658,177.5,5.83139,7
3016239658,182.5,5.83146,7
3016239658,187.5,5.83154,7
3016239658,192.5,5.83164,7
3016239658,197.5,5.83174,7
3016239658,200,5.83181,7
3016239658,202.5,5.8319,7
3016239658,205,6.1853,7
3016239658,210,6.27858,7
3016239658,212.5,6.27867,7
3016239658,215,6.70567,7
3016239658,217.5,6.70639,7
3016239658,220,6.79623,7
3016239658,222.5,6.83478,7
3016239658,225,6.83597,7
3016239658,227.5,6.99773,7
3016239658,249.5,7.04138,7
3016267319,0.01,0.09804,7
3016267319,0.06,0.11035,7
3016267319,6.17,0.44252,7
3016267319,20.5,0.47693,7
3016267319,31,0.73652,7
3016267319,36,1.95389,7
3016267319,41,2.07424,7
3016267319,45,2.07633,7
3016267319,46,2.07649,7
3016267319,47,3.48791,7
3016267319,50,3.69733,7
3016267319,51,3.89105,7
3016267319,61,4.37861,7
3016267319,76,4.37896,7
3016267319,81,4.37936,7
3016267319,88,4.37962,7
3016267319,89.89,4.41789,7
3016267319,91.9,4.49829,7
3016267319,100,4.95613,7
3016267319,102.5,5.17598,7
3016267319,112.5,5.53102,7
3016267319,117.5,5.56098,7
3016267319,122.5,5.5611,7
3016267319,127.5,5.56118,7
3016267319,132.5,5.56124,7
3016267319,142.5,5.56132,7
3016267319,147.5,5.56139,7
3016267319,152.5,5.56146,7
3016267319,157.5,5.56159,7
3016267319,162.5,5.56167,7
3016267319,172.5,5.56174,7
3016267319,177.5,5.56204,7
3016267319,200,5.5631,7
3016267319,202.5,5.56316,7
3016267319,207.5,5.72443,7
3016267319,210,5.7391,7
3016267319,212.5,5.73925,7
3016267319,220,6.87881,7
3016267319,222.5,6.87932,7
3016267319,225.43,7.01238,7
3016267319,230.43,7.02975,7
3016267319,235.43,7.03045,7
3016267319,243.02,7.03458,7
3016267319,243.02,7.03718,7
3016329182,215,0.49328,5
3016329182,218.5,0.51245,5
3016329182,223.5,4.34487,5
3016329182,228.5,4.3452,5
3016329182,233.5,4.34618,5
3016329182,238.5,4.3464,5
3016329182,243.5,4.34656,5
3016329182,246,4.34667,5
3016329182,248.5,4.42201,5
3016329182,251,4.46682,5
3016330514,249.99,0.09729,5
3016342324,0.01,0.0976,7
3016342324,0.15,0.10179,7
3016342324,1.1,0.10192,7
3016342324,1.35,0.13372,7
3016342324,1.85,0.18839,7
3016342324,5.5,0.19997,7
3016342324,6.5,0.95333,7
3016342324,8.5,0.95348,7
3016342324,10.5,1.26166,7
3016342324,15.5,1.26384,7
3016342324,17.5,1.264,7
3016342324,20.5,1.26412,7
3016342324,26,1.36218,7
3016342324,31,1.36228,7
3016342324,33,1.36404,7
3016342324,36,1.36413,7
3016342324,41,1.36524,7
3016342324,46,1.36716,7
3016342324,51,1.36727,7
3016342324,53.25,2.7669,7
3016342324,56,2.88928,7
3016342324,71,3.01529,7
3016342324,76,3.41193,7
3016342324,81,3.9262,7
3016342324,102.5,4.36668,7
3016342324,122.5,5.89953,7
3016342324,130,6.0617,7
3016342324,137.5,6.06183,7
3016342324,143.61,6.13235,7
3016342324,177.5,6.24788,7
3016342324,187.5,6.24833,7
3016342324,192.5,6.38689,7
3016342324,200.01,6.71983,7
3016342324,202.51,6.87578,7
3016342324,205.5,7.03534,7
3016342324,228,7.04113,7
3016342535,0.01,0.09606,3
3016342535,1.25,0.10574,3
3016342535,2.25,0.1216,3
3016342535,3.25,0.12169,3
3016342535,5.03,0.12179,3
3016342535,5.53,0.18725,3
3016342535,6.03,0.25685,3
3016342535,7.5,0.34222,3
3016342535,11.5,0.34247,3
3016342535,24.1,0.42093,3
3016342535,29.6,0.4215,3
3016342535,35,0.42198,3
3016342535,41,0.94405,3
3016342535,50,0.94465,3
3016342535,51,0.9449,3
3016342535,52,1.00012,3
3016342535,56.01,1.00834,3
3016342535,59,1.3009,3
3016342535,61,1.30103,3
3016342535,66,1.30118,3
3016342535,71,1.3013,3
3016342535,76,1.30142,3
3016342535,80,1.30156,3
3016342535,81,1.30167,3
3016342535,86,1.49192,3
3016342535,91,1.68351,3
3016342535,102.5,1.68366,3
3016342535,107.5,2.05017,3
3016342535,152.5,2.09465,3
3016342535,178.51,2.1937,3
3016342535,187.5,2.49252,3
3016342535,192.5,2.83142,3
3016342535,202.5,2.84728,3
3016342535,217.5,2.84933,3
3016342535,222.5,2.85044,3
3016342535,225.01,2.89631,3
3016342535,227.51,2.91331,3
3016342535,231.05,2.92366,3
3016342535,233.55,2.99828,3
3016342535,240,2.99837,3
3016342535,242.5,2.99904,3
3016342535,245.3,2.99943,3
3016342535,247.8,2.99956,3
3016384270,9.99,0.28953,3
3016384270,31,0.50344,3
3016384270,51,1.20469,3
3016384270,61,1.20501,3
3016384270,70,1.20525,3
3016384270,102.5,1.81757,3
3016384270,112.5,1.90979,3
3016384270,117.5,1.90998,3
3016384270,150,1.91111,3
3016384270,152.5,1.91128,3
3016384270,155,2.09784,3
3016384270,202.5,2.25087,3
3016384270,207.5,2.27106,3
3016384270,212.5,2.2712,3
3016384270,217.5,2.68098,3
3016384270,222.5,2.69066,3
3016384270,232.57,2.83444,3
3016384270,242.57,2.83917,3
3016384270,248.5,2.99966,3
3016384507,9.99,0.02477,3
3016384507,15.5,0.11569,3
3016384507,26,0.20993,3
3016384507,41,0.21042,3
3016384507,46,1.45738,3
3016384507,51,1.55141,3
3016384507,61,1.58304,3
3016384507,66,1.58328,3
3016384507,76,1.69946,3
3016384507,102.5,1.7974,3
3016384507,107.5,1.91836,3
3016384507,122.5,1.91847,3
3016384507,127.5,2.20744,3
3016384507,127.5,2.54944,3
3016384507,177.5,2.66709,3
3016384507,187.49,2.71994,3
3016384507,212.5,2.73471,3
3016384507,217.5,2.73497,3
3016384507,222.5,2.73539,3
3016384507,235.5,2.89627,3
3016384507,240.07,2.89654,3
3016384507,242.57,2.97771,3
3016384507,247.5,2.97859,3
3016384507,257,2.98103,3
3016384507,265,2.98126,3
3016384507,270,2.99825,3
3016385067,9.99,0.11176,3
3016385067,102.5,0.65369,3
3016385067,177.5,1.94803,3
3016385067,182.5,1.94833,3
3016385067,200.01,2.23096,3
3016385067,202.51,2.23112,3
3016385067,207.5,2.63727,3
3016385067,222.5,2.66809,3
3016385067,232.5,2.82103,3
3016385067,242.01,2.89637,3
3016385067,244.51,2.91896,3
3016385067,247.5,2.98309,3
3016385067,250.04,2.98461,3
3016385067,255.04,2.98484,3
3016385067,260.04,2.99863,3
3016405508,215,7.00925,7
3016419068,1,0.06671,7
3016419068,76,0.72284,7
3016419068,81,1.85656,7
3016419068,89,4.08502,7
3016419068,90.45,4.45715,7
3016419068,93,6.12638,7
3016419068,95,6.12652,7
3016419068,96,6.4097,7
3016419068,102.5,6.58468,7
3016419068,107.5,6.58497,7
3016419068,122.5,6.5851,7
3016419068,140,6.58524,7
3016419068,142.5,6.71513,7
3016419068,151.5,6.76063,7
3016419068,157.5,6.76079,7
3016419068,160,6.76091,7
3016419068,162.5,6.95073,7
3016419068,174.37,7.01927,7
3016419068,185.51,7.0244,7
3016419068,191.51,7.04138,7
3016419068,202.5,7.04161,7
3016427640,99.99,0.11058,5
3016427640,100.01,0.11112,5
3016427640,102.51,2.58554,5
3016427640,107.5,2.63987,5
3016427640,118.03,3.4088,5
3016427640,140,3.60758,5
3016427640,142.5,3.60772,5
3016427640,150,3.74791,5
3016427640,152.5,3.74818,5
3016427640,162.5,4.04019,5
3016427640,192.5,4.51124,5
3016427640,202.5,4.51152,5
3016427640,212.5,4.59537,5
3016427640,220,4.59572,5
3016427640,222.5,4.59588,5
3016427640,227.5,4.69755,5
3016427640,237.5,4.99885,5
3016427640,242.5,4.99936,5
3016427640,245,4.99964,5
3016429446,100,0.78557,5
3016429446,122.5,2.57903,5
3016429446,127.5,2.5792,5
3016429446,152.5,3.06822,5
3016429446,169.49,3.06844,5
3016429446,177.5,4.7955,5
3016429446,182.5,4.81499,5
3016429446,187.5,4.8152,5
3016429446,190.5,4.81544,5
3016429446,193,4.98648,5
3016436237,0.01,0.18895,7
3016436237,34.33,0.44396,7
3016436237,41,0.98742,7
3016436237,43,2.00657,7
3016436237,91,2.45479,7
3016436237,142.5,3.7606,7
3016436237,151.5,4.75831,7
3016436237,177.5,5.87436,7
3016436237,202.5,6.82124,7
3016436237,220.01,6.92295,7
3016436237,222.51,6.94847,7
3016436237,227.5,7.03942,7
3016436237,244,7.04056,7
3016436237,250,7.04109,7
3016436237,255,7.04135,7
3016458866,1,0.72645,3
3016458866,20.5,1.14325,3
3016458866,76,1.48029,3
3016458866,82,2.36728,3
3016458866,152.5,2.49402,3
3016458866,157.5,2.60582,3
3016458866,172.5,2.79726,3
3016458866,178,2.8417,3
3016458866,187.5,2.84204,3
3016458866,197.5,2.8428,3
3016458866,212.5,2.84322,3
3016459024,1,1.41985,5
3016459024,3.49,2.6067,5
3016459024,51,2.98378,5
3016459024,76,4.04034,5
3016459024,100,4.0414,5
3016459024,102.5,4.23571,5
3016459024,132.5,4.38693,5
3016459024,132.5,4.38876,5
3016459024,162.5,4.41156,5
3016459024,182.5,4.87458,5
3016459024,187.5,4.97578,5
3016459024,190,4.97589,5
3016459024,192.5,4.97597,5
3016459024,192.5,4.99889,5
3016459024,195,4.99966,5
3016459024,197.5,4.99994,5
3016587753,0.01,0.07718,7
3016587753,2.83,0.13116,7
3016587753,5.5,0.13396,7
3016587753,10.5,0.16854,7
3016587753,15.5,0.16876,7
3016587753,20.5,0.1689,7
3016587753,23.25,0.16904,7
3016587753,31,0.19719,7
3016587753,35,0.1973,7
3016587753,36,0.19752,7
3016587753,41,0.39524,7
3016587753,46,0.63939,7
3016587753,51,1.90144,7
3016587753,55.63,1.90396,7
3016587753,56.63,1.90436,7
3016587753,61,2.8561,7
3016587753,88.77,3.08273,7
3016587753,102.5,3.84843,7
3016587753,152.5,4.96458,7
3016587753,177.5,4.96485,7
3016587753,184.31,6.08628,7
3016587753,200,6.50751,7
3016587753,202.5,6.88792,7
3016587753,212.5,6.90135,7
3016587753,217.5,6.90266,7
3016587753,220,6.90287,7
3016587753,222.5,6.90308,7
3016587753,225,6.90346,7
3016587753,227.5,6.93743,7
3016587753,233.5,6.96428,7
3016587753,242.5,7.04014,7
3016587753,250,7.04058,7
3016587753,255,7.04115,7
3016610859,1,0.46868,7
3016610859,100,0.78219,7
3016610859,102.5,1.11396,7
3016610859,102.5,1.11427,7
3016610859,102.5,3.11873,7
3016610859,102.5,3.11892,7
3016610859,102.5,3.11911,7
3016610859,102.5,3.1205,7
3016610859,102.5,3.12064,7
3016610859,127.5,5.03617,7
3016610859,153,6.00726,7
3016610859,192.29,6.67534,7
3016610859,192.29,6.67543,7
3016610859,202.5,6.89219,7
3016610859,221.5,6.89328,7
3016623337,50,0.119,3
3016623337,56,1.06959,3
3016623337,76,1.0697,3
3016623337,91,1.0698,3
3016623337,103.5,1.06994,3
3016623337,108.5,1.8069,3
3016623337,153.5,1.98771,3
3016623337,162.5,2.18675,3
3016623337,167.5,2.18738,3
3016623337,222.5,2.4117,3
3016623337,227.5,2.41189,3
3016623337,230,2.95491,3
3016623337,232.5,2.98278,3
3016624438,1,0.02671,10
3016624438,34.33,0.05824,10
3016624438,51,0.10973,10
3016624438,61,0.11013,10
3016624438,71,0.11043,10
3016624438,76,0.11093,10
3016624438,100,0.18322,10
3016624438,102.5,0.1842,10
3016624438,102.5,0.18512,10
3016624438,127.5,0.30266,10
3016624438,127.5,0.30304,10
3016624438,201.5,6.56752,10
3016624438,201.5,6.58104,10
3016624438,230,8.3373,10
3016624438,232.5,8.33765,10
3016624438,237.5,8.51376,10
3016624438,255,9.88392,10
3016624438,265,9.88422,10
3016624438,270,9.88477,10
3016651485,1,0.17799,3
3016651485,1.25,0.19003,3
3016651485,3.49,0.24082,3
3016651485,6.5,0.80777,3
3016651485,15.5,1.30619,3
3016651485,20.5,1.30703,3
3016651485,26,1.42418,3
3016651485,81,1.61554,3
3016651485,81,1.61583,3
3016651485,81,1.61619,3
3016651485,102.51,2.36869,3
3016651485,127.51,2.36895,3
3016651485,133.5,2.73627,3
3016651485,157.5,2.73734,3
3016651485,177.5,2.73759,3
3016651485,187.5,2.73774,3
3016651485,193.51,2.78845,3
3016651485,200,2.96668,3
3016651485,202.5,2.96691,3
3016651485,202.5,2.9673,3
3016660705,249.99,5.0287,5
3016660705,252.49,5.04154,5
3016710166,0.01,0.10956,3
3016710166,26,0.14546,3
3016710166,29.6,0.15568,3
3016710166,34.6,0.15595,3
3016710166,41,0.27235,3
3016710166,43,0.27248,3
3016710166,46,0.27258,3
3016710166,51,0.3926,3
3016710166,102.5,0.43733,3
3016710166,152.5,0.79824,3
3016710166,157.5,1.04795,3
3016710166,160,1.83581,3
3016710166,162.5,2.34712,3
3016710166,167.5,2.36196,3
3016710166,172.5,2.42284,3
3016710166,182.5,2.61866,3
3016710166,192.5,2.61883,3
3016710166,202.51,2.71105,3
3016710166,212.5,2.90128,3
3016710166,215,2.90311,3
3016710166,217.5,2.95378,3
3016710166,222.5,2.9675,3
3016710166,227.5,2.99902,3
3016710166,232.5,2.99968,3
3016727355,0.01,0.20966,7
3016727355,1.75,0.73308,7
3016727355,51,0.94785,7
3016727355,76,2.27133,7
3016727355,102.51,3.34615,7
3016727355,140,4.32718,7
3016727355,142.5,4.70214,7
3016727355,145,5.04215,7
3016727355,169.16,5.2726,7
3016727355,184.39,6.43727,7
3016727355,189.39,6.54478,7
3016727355,194.39,6.54542,7
3016727355,202.5,6.54612,7
3016727355,212.5,6.57016,7
3016727355,217.5,6.57184,7
3016727355,220,6.86531,7
3016727355,222.5,6.98756,7
3016727355,232.5,7.03314,7
3016727355,236.91,7.03627,7
3016727355,242.5,7.04115,7
3016752852,0.01,0.05564,5
3016752852,51,0.14995,5
3016752852,100,0.15443,5
3016752852,102.5,0.19179,5
3016752852,135.84,1.71043,5
3016752852,152.5,1.71066,5
3016752852,167.92,2.05061,5
3016752852,181.38,2.50962,5
3016752852,193.71,3.89231,5
3016752852,200.52,4.75399,5
3016752852,203.02,4.93634,5
3016752852,206.5,5.02898,5
3016752852,211.5,5.03178,5
3016752852,216.5,5.03226,5
3016752852,222.5,5.03271,5
3016752852,226.5,5.03603,5
3016752852,234,5.04043,5
3016752852,237.5,5.04074,5
3016752852,242.5,5.04131,5
3016752852,245,5.04145,5
3016770041,0.01,0.17809,7
3016770041,50,0.17845,7
3016770041,50,0.19036,7
3016770041,51,0.191,7
3016770041,51,0.19106,7
3016770041,51,0.19113,7
3016770041,61,0.80211,7
3016770041,61,0.80229,7
3016770041,61,0.80274,7
3016770041,91,1.83567,7
3016770041,127.5,2.0378,7
3016770041,132.5,2.03824,7
3016770041,138.48,2.04859,7
3016770041,147.5,3.64025,7
3016770041,151,4.58823,7
3016770041,153.5,4.82696,7
3016770041,157.5,4.83613,7
3016770041,160.5,4.83914,7
3016770041,175,5.01818,7
3016770041,177.5,5.85036,7
3016770041,180,5.85285,7
3016770041,182.5,5.93898,7
3016770041,187.5,6.19241,7
3016770041,192.5,6.19271,7
3016770041,197.5,6.19288,7
3016770041,202.5,6.68278,7
3016770041,210,6.90187,7
3016770041,212.5,6.90304,7
3016770041,220,6.90689,7
3016770041,222.5,6.90726,7
3016770041,225,6.97863,7
3016770041,227.5,6.97896,7
3016771147,0.01,0.0711,7
3016771147,5.5,0.54705,7
3016771147,10.5,0.59729,7
3016771147,51,0.76197,7
3016771147,76,2.08481,7
3016771147,78,3.15944,7
3016771147,142.5,3.22049,7
3016771147,169.16,4.85718,7
3016771147,182.5,6.38471,7
3016771147,192.5,6.38493,7
3016771147,200,6.38513,7
3016771147,202.5,6.39856,7
3016771147,212.5,6.8355,7
3016771147,228.01,6.90105,7
3016771147,250,6.9339,7
3016771147,255,6.93443,7
3016795551,0.01,0.09608,7
3016795551,9.6,0.46613,7
3016795551,51,0.49106,7
3016795551,71,0.63171,7
3016795551,93,0.63184,7
3016795551,102.5,3.90243,7
3016795551,112.5,3.90257,7
3016795551,117.5,3.90274,7
3016795551,122.5,3.90285,7
3016795551,132.5,3.90294,7
3016795551,142.5,4.77667,7
3016795551,152.5,5.98977,7
3016795551,158.5,5.99031,7
3016795551,169.16,5.99156,7
3016795551,174.16,6.04385,7
3016795551,177.5,6.77512,7
3016795551,202.5,6.85029,7
3016795551,212.5,6.86959,7
3016795551,222.51,7.02775,7
3016795551,225.01,7.02795,7
3016806887,199.99,1.85468,5
3016806887,202.5,2.31628,5
3016806887,205.01,4.67282,5
3016806887,207.51,4.89407,5
3016806887,222,4.93566,5
3016806887,224.5,4.93699,5
3016806887,240.28,4.9431,5
3016806887,245,4.96282,5
3016806887,247.5,5.03628,5
3016832602,100,1.50325,7
3016832602,122.5,4.49574,7
3016832602,132.5,5.7201,7
3016832602,142.5,5.72168,7
3016832602,152.5,5.72242,7
3016832602,174,5.87718,7
3016832602,182.5,6.8539,7
3016832602,192,6.86527,7
3016881819,0.01,0.08218,7
3016881819,1.25,0.13534,7
3016881819,5.5,0.1355,7
3016881819,10.5,0.13571,7
3016881819,20.5,0.13593,7
3016881819,51,0.13686,7
3016881819,60,0.16691,7
3016881819,61,0.16753,7
3016881819,71,0.44597,7
3016881819,75,0.44784,7
3016881819,76,0.44801,7
3016881819,78,2.48233,7
3016881819,80,2.88207,7
3016881819,81,3.30757,7
3016881819,102.5,3.46453,7
3016881819,142.5,4.19017,7
3016881819,162.5,4.41,7
3016881819,166.66,6.28459,7
3016881819,169.16,6.28488,7
3016881819,171.66,6.43036,7
3016881819,181.66,6.48211,7
3016881819,189.66,6.48343,7
3016881819,192.16,6.48461,7
3016881819,202.66,6.48741,7
3016881819,208.16,6.5534,7
3016881819,210.66,6.5538,7
3016881819,213.16,6.78475,7
3016881819,215.66,6.88132,7
3016881819,218.16,6.89919,7
3016881819,223.16,6.93459,7
3016881819,225.66,6.93524,7
3016881819,228.16,6.97286,7
3016881819,230.66,7.04117,7
3016882089,0.01,0.08106,5
3016882089,0.11,0.12157,5
3016882089,0.21,0.12186,5
3016882089,20.5,0.12676,5
3016882089,41,0.12691,5
3016882089,51,0.12703,5
3016882089,60,0.13579,5
3016882089,61,0.37157,5
3016882089,62,1.1733,5
3016882089,102.5,1.40381,5
3016882089,107.5,2.09231,5
3016882089,112.5,2.0924,5
3016882089,117.5,2.09248,5
3016882089,120,2.09256,5
3016882089,122.5,2.54145,5
3016882089,127.5,3.17179,5
3016882089,137.5,3.1719,5
3016882089,142.5,3.17199,5
3016882089,147.5,3.17206,5
3016882089,152.5,3.17216,5
3016882089,157.5,3.17225,5
3016882089,167.5,3.17233,5
3016882089,172.5,3.17241,5
3016882089,177.5,3.17249,5
3016882089,182.5,4.07646,5
3016882089,192.5,4.93904,5
3016882089,200,4.93926,5
3016882089,202.5,4.96475,5
3016882089,225.01,5.03918,5
3016882089,235.02,5.03948,5
3016882089,245.03,5.03991,5
3016882089,251.04,5.04036,5
3016890972,10,0.08274,5
3016890972,81,0.39836,5
3016890972,100,2.97071,5
3016890972,102.5,2.9719,5
3016890972,102.5,2.97373,5
3016890972,151,3.40226,5
3016890972,153.5,4.05347,5
3016890972,153.5,4.36211,5
3016890972,159.17,4.38628,5
3016890972,177.5,4.67454,5
3016890972,227.5,4.91082,5
3016890972,232.5,4.98933,5
3016890972,242.5,4.98985,5
3016890972,250,4.99053,5
3016890972,255,5.02491,5
3016890972,260,5.0335,5
3016890972,265,5.03383,5
3016890972,270,5.04166,5
3016891898,10,2.5385,5
3016891898,26,2.68125,5
3016891898,127.5,2.76191,5
3016891898,135.5,3.66314,5
3016891898,146.28,3.66339,5
3016891898,150.5,3.66385,5
3016891898,153,3.7342,5
3016891898,174,3.74804,5
3016891898,182.17,4.61866,5
3016891898,201.99,4.72499,5
3016891898,204.49,4.75883,5
3016891898,223,4.87578,5
3016891898,230,4.98639,5
3016891898,235,4.98684,5
3016891898,240,4.98711,5
3016892738,10,1.06553,5
3016892738,51,1.92395,5
3016892738,81,1.92406,5
3016892738,83,2.07809,5
3016892738,152.5,2.53898,5
3016892738,174,2.53931,5
3016892738,182.5,2.85799,5
3016892738,187.5,4.3011,5
3016892738,200,4.70491,5
3016892738,202.5,4.70528,5
3016892738,210,4.84515,5
3016892738,212.5,4.84553,5
3016892738,217.5,4.9577,5
3016892738,222.5,4.98234,5
3016892738,227.5,4.98807,5
3016892738,230,4.99414,5
3016892738,232.5,4.99468,5
3016892738,235,4.9974,5
3016892738,237.5,4.99991,5
3016893433,10,1.19306,5
3016893433,10.5,2.27645,5
3016893433,20.5,3.49575,5
3016893433,20.5,3.49598,5
3016893433,51,3.57205,5
3016893433,100.01,3.57216,5
3016893433,102.51,4.10652,5
3016893433,102.51,4.10708,5
3016893433,112.5,4.22407,5
3016893433,155,4.41463,5
3016893433,162.5,4.52057,5
3016893433,167.5,4.85478,5
3016893433,167.5,4.89706,5
3016973670,0.01,0.05259,7
3016973670,5.55,0.07056,7
3016973670,10.55,0.07106,7
3016973670,26.05,0.07164,7
3016973670,30.1,0.07194,7
3016973670,41.05,0.51888,7
3016973670,52.01,0.67005,7
3016973670,65.01,0.6703,7
3016973670,102.5,0.83576,7
3016973670,142.5,3.8536,7
3016973670,147.5,6.07343,7
3016973670,169.16,6.07388,7
3016973670,177.5,6.42645,7
3016973670,198.16,6.7234,7
3016973670,200.66,6.75745,7
3016973670,203.16,6.78339,7
3016973670,208.5,6.86451,7
3016973670,225.5,6.95922,7
3016973670,228,7.03019,7
3016973670,232.5,7.0345,7
3016973670,235,7.03675,7
3016973670,237.51,7.04059,7
3016998157,0.01,0.06583,7
3016998157,10.5,0.12365,7
3016998157,15.5,0.12402,7
3016998157,26,0.12449,7
3016998157,31,0.12477,7
3016998157,41,0.12501,7
3016998157,102.73,0.76039,7
3016998157,127.5,3.04819,7
3016998157,142.5,3.77834,7
3016998157,152.5,4.08073,7
3016998157,169.16,5.47981,7
3016998157,177.5,6.61323,7
3016998157,182.5,6.62914,7
3016998157,187.5,6.65873,7
3016998157,192.5,6.70329,7
3016998157,200,6.7945,7
3016998157,202.5,6.79463,7
3016998157,212.5,6.96453,7
3016998157,228,6.97793,7
3016998157,230.5,7.02236,7
3016998157,233,7.0398,7
3016998157,242.5,7.04082,7
3017039708,35,3.22653,7
3017039708,152.51,3.36657,7
3017039708,174,3.42846,7
3017039708,174,5.24547,7
3017039708,174,5.24583,7
3017039708,182.51,5.93917,7
3017039708,208,6.64678,7
3017039708,210.5,6.97752,7
3017039708,213,6.99882,7
3017039708,215.5,7.02785,7
3017039708,218,7.03169,7
3017039708,222.5,7.03905,7
3017039708,227.5,7.04126,7
3017065753,1,0.14346,7
3017065753,5.5,0.89234,7
3017065753,51,1.17634,7
3017065753,61,2.31046,7
3017065753,78.77,3.0522,7
3017065753,174,3.21045,7
3017065753,187.5,6.17745,7
3017065753,202.5,6.28028,7
3017065753,217.5,6.52093,7
3017065753,225,6.8689,7
3017065753,227.5,6.86914,7
3017065753,230,6.90428,7
3017065753,232.5,7.02228,7
3017065753,242.1,7.0392,7
3017065753,244.6,7.03972,7
3017065753,255.5,7.04075,7
3017065753,260.5,7.04103,7
3017065753,273,7.04134,7
3017094290,0.01,0.03711,7
3017094290,20.5,0.06132,7
3017094290,23.38,0.1167,7
3017094290,48.99,1.38395,7
3017094290,51,2.62831,7
3017094290,71,2.7648,7
3017094290,76,3.09132,7
3017094290,151.5,3.81799,7
3017094290,166.66,6.3778,7
3017094290,169.16,6.37844,7
3017094290,177.5,6.37986,7
3017094290,187.5,6.38352,7
3017094290,190,6.74909,7
3017094290,196.5,6.82705,7
3017094290,205,6.83465,7
3017094290,210,6.8351,7
3017094290,212.5,6.83633,7
3017094290,217.5,6.84329,7
3017094290,222.5,6.99459,7
3017094290,225,7.02387,7
3017094290,230,7.0401,7
3017094290,232.5,7.0409,7
3017094290,237.5,7.0412,7
3017094290,242.5,7.04134,7
3017094290,247.5,7.04164,7
3017114957,9.99,0.01302,3
3017114957,30,0.04878,3
3017114957,31,0.11258,3
3017114957,56,0.12115,3
3017114957,61,0.56894,3
3017114957,66,0.56977,3
3017114957,71,0.75936,3
3017114957,81,0.75976,3
3017114957,91,0.76006,3
3017114957,122.5,0.76045,3
3017114957,152.5,0.76083,3
3017114957,177.5,0.83368,3
3017114957,202.5,0.83382,3
3017114957,205,0.88584,3
3017114957,207.5,0.88606,3
3017114957,210,2.35971,3
3017114957,222.5,2.74406,3
3017114957,230,2.99851,3
3017114957,232.5,2.99862,3
3017114957,235,3.03716,3
3017114957,240,3.04035,3
3017114957,245,3.04053,3
3017114957,247.5,3.04068,3
3017143205,0.01,0.04779,7
3017143205,0.11,0.12339,7
3017143205,1.25,0.12368,7
3017143205,5.5,0.12384,7
3017143205,26,0.12402,7
3017143205,50,0.12421,7
3017143205,51,0.28126,7
3017143205,56,2.12641,7
3017143205,76,2.21231,7
3017143205,81,2.21241,7
3017143205,91,2.21248,7
3017143205,102.5,2.21256,7
3017143205,122.5,2.21263,7
3017143205,142.5,2.21272,7
3017143205,150,4.91885,7
3017143205,152.5,5.12167,7
3017143205,157.5,5.18697,7
3017143205,160,5.18706,7
3017143205,162.5,5.18714,7
3017143205,167.5,6.07331,7
3017143205,197.5,6.12122,7
3017143205,200,6.61479,7
3017143205,202.5,6.78141,7
3017143205,217.5,6.80847,7
3017143205,222.5,6.80873,7
3017143205,227.5,6.85759,7
3017143205,232.5,6.89579,7
3017143205,240,6.91161,7
3017143205,242.5,6.91199,7
3017150735,259,5.64931,7
3017150735,259,5.70503,7
3017150735,264,7.0416,7
3017248930,220,7.03851,7
3017271833,0.01,0.10347,7
3017271833,10,0.10809,7
3017271833,10.5,0.12054,7
3017271833,11.5,0.15809,7
3017271833,12.5,0.15828,7
3017271833,15.5,0.15845,7
3017271833,20.5,0.15856,7
3017271833,31,0.26628,7
3017271833,50,1.16056,7
3017271833,51,1.58929,7
3017271833,53,2.93453,7
3017271833,56,3.332,7
3017271833,61,3.33279,7
3017271833,66,3.33432,7
3017271833,71,3.33442,7
3017271833,77,3.75399,7
3017271833,81,4.34848,7
3017271833,102.51,4.64068,7
3017271833,112.5,4.66993,7
3017271833,122.5,4.94171,7
3017271833,127.5,4.94179,7
3017271833,152.5,5.68057,7
3017271833,162.5,5.70912,7
3017271833,172.5,6.019,7
3017271833,177.5,6.28946,7
3017271833,200,6.30804,7
3017271833,202.5,6.30824,7
3017271833,207.5,6.65109,7
3017271833,210,6.65131,7
3017271833,212.5,6.65198,7
3017271833,215,6.76719,7
3017271833,221.53,6.7802,7
3017271833,224.03,6.78086,7
3017271833,227.5,7.01984,7
3017271833,231.51,7.03536,7
3017271833,234.01,7.03559,7
3017271833,236.51,7.0363,7
3017271833,239.01,7.04038,7
3017271833,242,7.04132,7
3017281580,188,6.65395,7
3017281580,190.5,6.96374,7
3017281580,197.5,7.00828,7
3017281580,202.5,7.01574,7
3017281580,207.5,7.03604,7
3017281580,212.5,7.03649,7
3017281580,220,7.03691,7
3017281580,222.5,7.03723,7
3017281580,227.5,7.04019,7
3017281580,230,7.04059,7
3017281580,232.5,7.04108,7
3017281580,235,7.04146,7
3017320594,0.01,0.10595,7
3017320594,2.25,0.41953,7
3017320594,6.5,0.41964,7
3017320594,22.5,0.75704,7
3017320594,50,0.93541,7
3017320594,51,1.89918,7
3017320594,53,2.70932,7
3017320594,61,3.50645,7
3017320594,64,3.52562,7
3017320594,67,3.52579,7
3017320594,71,3.52615,7
3017320594,81,3.52684,7
3017320594,86,3.52744,7
3017320594,100,3.88319,7
3017320594,102.5,3.88405,7
3017320594,112.5,4.4455,7
3017320594,117.5,4.71547,7
3017320594,122.5,4.71568,7
3017320594,127.5,5.04038,7
3017320594,132.5,5.80163,7
3017320594,137.5,5.80192,7
3017320594,140,5.80219,7
3017320594,142.5,5.80252,7
3017320594,147.5,5.86696,7
3017320594,152.5,5.86721,7
3017320594,157.5,5.86771,7
3017320594,160,5.86791,7
3017320594,162.5,5.86808,7
3017320594,165,5.86918,7
3017320594,167.5,5.87117,7
3017320594,170,6.55757,7
3017320594,210,6.57844,7
3017320594,212.5,6.57872,7
3017320594,220,6.58235,7
3017320594,222.5,6.79479,7
3017320594,231.51,6.82416,7
3017320594,234.01,6.8248,7
3017320594,236.51,7.04013,7
3017320594,250,7.04031,7
3017449549,0.01,0.15067,7
3017449549,51,0.16959,7
3017449549,78.77,0.48807,7
3017449549,81,1.67544,7
3017449549,86,1.67602,7
3017449549,91,1.6761,7
3017449549,100,1.67622,7
3017449549,102.5,1.67646,7
3017449549,105,3.11611,7
3017449549,112.5,3.82968,7
3017449549,123.5,3.82991,7
3017449549,142.5,5.29066,7
3017449549,152.5,5.67046,7
3017449549,162.5,5.67054,7
3017449549,175,5.67061,7
3017449549,177.5,6.02942,7
3017449549,182.5,6.32019,7
3017449549,187.5,6.32067,7
3017449549,192.5,6.32098,7
3017449549,198,6.32127,7
3017449549,207.5,6.3217,7
3017449549,212.5,6.32208,7
3017449549,217.5,6.32247,7
3017449549,228.01,6.32274,7
3017449549,232.5,6.96976,7
3017449549,235.5,6.99916,7
3017456210,225,6.29219,7
3017456210,230,6.42309,7
3017456210,232.5,6.99462,7
3017457773,10,0.70226,7
3017457773,22,0.90677,7
3017457773,23,2.03818,7
3017457773,81,2.84204,7
3017457773,100,2.94845,7
3017457773,102.5,3.61868,7
3017457773,127.5,4.72116,7
3017457773,158,5.24367,7
3017457773,163,6.81439,7
3017457773,168,6.81458,7
3017457773,173,6.8147,7
3017457773,178,6.81488,7
3017457773,183,6.81501,7
3017457773,188,6.81521,7
3017457773,201,6.92468,7
3017457773,203.5,6.93021,7
3017457773,206,6.99987,7
3017533541,0.01,0.26433,7
3017533541,11.5,0.45384,7
3017533541,50,0.58198,7
3017533541,51,0.58523,7
3017533541,132.5,0.90706,7
3017533541,150,0.90745,7
3017533541,152.5,0.90877,7
3017533541,162.5,2.97855,7
3017533541,188,4.04183,7
3017533541,195,4.05747,7
3017533541,197.5,4.0612,7
3017533541,207.5,6.77372,7
3017533541,222.5,6.91336,7
3017533541,238,6.99926,7
3017602583,100,1.48074,5
3017602583,104.5,2.25145,5
3017602583,112.5,2.31446,5
3017602583,122.5,2.31465,5
3017602583,127.5,2.31477,5
3017602583,130,3.10904,5
3017602583,132.5,3.10925,5
3017602583,140,3.20444,5
3017602583,142.5,3.20458,5
3017602583,152.5,3.37214,5
3017602583,167.53,3.54644,5
3017602583,170.03,4.87799,5
3017602583,172.53,4.96478,5
3017602583,177.54,4.98689,5
3017602583,181,4.98707,5
3017602583,183.5,4.98727,5
3017626592,100,1.39935,7
3017626592,102.5,2.19266,7
3017626592,122.5,3.35199,7
3017626592,142.5,3.79365,7
3017626592,202.5,5.71277,7
3017626592,212.5,6.5864,7
3017626592,217.5,6.58653,7
3017626592,227.5,6.58662,7
3017676972,149.99,0.04534,7
3017676972,152.49,2.88808,7
3017676972,152.49,3.69366,7
3017676972,152.49,3.69413,7
3017676972,152.49,3.69758,7
3017676972,154.99,6.16134,7
3017676972,172.5,6.64955,7
3017676972,177,6.73478,7
3017676972,179.5,6.78854,7
3017676972,182,6.79291,7
3017676972,202.5,6.82821,7
3017676972,207.5,6.91558,7
3017676972,210,6.91602,7
3017676972,212.5,6.91676,7
3017676972,215,6.92398,7
3017676972,222.55,6.928,7
3017676972,248.37,6.95631,7
3017676972,255,6.98867,7
3017736272,175,3.66293,7
3017736272,192.5,6.58624,7
3017736272,225.01,6.81486,7
3017736272,227.51,6.81537,7
3017736272,255,6.85821,7
3017841326,150,1.25125,7
3017841326,175,1.25204,7
3017841326,155,2.23307,7
3017841326,162.5,2.23336,7
3017841326,175,3.01529,7
3017841326,177.5,6.13933,7
3017841326,177.5,6.13954,7
3017841326,177.5,6.13985,7
3017841326,182.5,6.30341,7
3017841326,202.5,6.93586,7
3017841326,216.39,6.94169,7
3017841326,223.39,6.94369,7
3017841326,227.5,6.94596,7
3017841326,234.39,6.99613,7
3017841326,238,6.99985,7
3017882407,150,6.5627,7
3017882407,150,6.63134,7
3017882407,150,6.83284,7
3017882407,150,6.89512,7
3017882407,150,6.99172,7
3017882407,150,6.9926,7
3017907666,0.01,0.49125,7
3017907666,11.71,0.70683,7
3017907666,25.62,0.707,7
3017907666,26.62,0.79307,7
3017907666,26.62,0.80741,7
3017907666,31,1.08321,7
3017907666,51,1.08536,7
3017907666,53.88,1.08821,7
3017907666,61,1.12251,7
3017907666,72.5,1.12528,7
3017907666,82,1.12683,7
3017907666,91,1.12763,7
3017907666,96,1.12858,7
3017907666,98,1.12941,7
3017907666,100.01,1.13106,7
3017907666,102.51,1.13219,7
3017907666,105.01,1.63381,7
3017907666,110.01,5.0298,7
3017907666,117.65,5.05152,7
3017907666,122.65,5.50159,7
3017907666,125.15,5.50169,7
3017907666,127.65,5.64793,7
3017907666,132.65,5.70766,7
3017907666,142.5,5.70779,7
3017907666,152.5,5.70787,7
3017907666,212.5,6.04094,7
3017907666,225,6.0414,7
3017907666,227.5,6.37686,7
3017907666,232.5,6.8047,7
3017907666,236,6.93669,7
3017907666,238.5,6.93682,7
3017911925,220,2.445,3
3017911925,227.5,2.77167,3
3017911925,232.5,2.77175,3
3017911925,242.5,2.7719,3
3017911925,255,2.77198,3
3017911925,265,2.77205,3
3017911925,280,2.77212,3
3017911925,290,2.77219,3
3017923068,199,1.01147,3
3017923068,201.5,2.80135,3
3017923068,204,2.87402,3
3017923068,206.5,2.97028,3
3017923068,210,2.99609,3
3017923068,212.5,2.99632,3
3017923068,215,2.99916,3
3017923068,217.5,2.99964,3
3017923068,220.01,2.99965,3
3017950485,9.99,0.0962,3
3017950485,15.5,0.224,3
3017950485,16.5,0.30667,3
3017950485,20.5,0.36884,3
3017950485,27.5,0.36913,3
3017950485,33.5,0.36948,3
3017950485,49.5,0.36977,3
3017950485,75.5,0.37028,3
3017950485,152.5,0.45884,3
3017950485,172.5,0.45927,3
3017950485,182.5,0.76766,3
3017950485,187.5,0.76804,3
3017950485,192.5,0.76824,3
3017950485,200,0.7685,3
3017950485,202.5,1.61501,3
3017950485,205.5,1.62125,3
3017950485,212.5,2.87558,3
3017950485,217.5,2.87579,3
3017950485,222.5,2.87645,3
3017950485,225,2.97468,3
3018011210,0.01,0.12666,7
3018011210,5.5,0.41596,7
3018011210,53.88,0.45155,7
3018011210,55.88,0.71926,7
3018011210,57.88,0.86932,7
3018011210,59.88,0.86949,7
3018011210,61.88,0.8794,7
3018011210,63.88,0.87958,7
3018011210,66,0.87975,7
3018011210,73,1.1606,7
3018011210,81,1.18517,7
3018011210,102.51,4.63005,7
3018011210,112.5,5.05557,7
3018011210,117.5,5.05575,7
3018011210,122.5,5.05589,7
3018011210,132,5.056,7
3018011210,134.5,5.05613,7
3018011210,142.5,5.37167,7
3018011210,177.5,6.33255,7
3018011210,212.5,6.35479,7
3018011210,222.5,6.35538,7
3018011210,225.51,6.35601,7
3018011210,228.01,6.35623,7
3018011210,230.51,6.90472,7
3018011210,233.01,6.9053,7
3018011210,238.01,6.90728,7
3018011210,241,6.99041,7
3018011210,243.5,6.99979,7
3018061782,265,5.82421,7
3018065500,50,0.07449,7
3018065500,51,1.80883,7
3018065500,56,2.03427,7
3018065500,58,2.09321,7
3018065500,71,4.12063,7
3018065500,75,4.12317,7
3018065500,76,4.79815,7
3018065500,76,4.81388,7
3018065500,153.45,6.00738,7
3018065500,172.5,6.50147,7
3018065500,180,6.70953,7
3018065500,182.5,6.7099,7
3018065500,202.5,6.84803,7
3018065500,212.5,6.84816,7
3018065500,222.5,6.84947,7
3018065500,232.5,6.89773,7
3018091954,0.01,0.10699,7
3018091954,69.88,0.13814,7
3018091954,100.01,0.63035,7
3018091954,102.51,4.9463,7
3018091954,108.5,5.42568,7
3018091954,114.5,5.42604,7
3018091954,120,5.4262,7
3018091954,122.5,5.4264,7
3018091954,127.5,5.68833,7
3018091954,132.5,6.00273,7
3018091954,177.5,6.01922,7
3018091954,192.5,6.51686,7
3018091954,200,6.51736,7
3018091954,202.5,6.60963,7
3018091954,212.5,6.63994,7
3018091954,222.51,6.77019,7
3018091954,232.5,6.96287,7
3018131250,9.99,0.02873,5
3018131250,11.5,0.34791,5
3018131250,41.02,0.6834,5
3018131250,67,0.71348,5
3018131250,76,1.34743,5
3018131250,78,2.13845,5
3018131250,81,2.13861,5
3018131250,86,2.1388,5
3018131250,90.5,2.13906,5
3018131250,93.5,2.13925,5
3018131250,101,2.13944,5
3018131250,103.5,2.5922,5
3018131250,113.5,2.60008,5
3018131250,124.72,2.7191,5
3018131250,132.5,3.07763,5
3018131250,142.5,3.07777,5
3018131250,152.5,3.07789,5
3018131250,157.5,3.16427,5
3018131250,177.5,4.2391,5
3018131250,180,4.55538,5
3018131250,182.5,4.55566,5
3018131250,187.5,4.55626,5
3018131250,213.61,4.574,5
3018131250,225,4.64682,5
3018228635,0.01,0.30413,7
3018228635,15.5,0.35631,7
3018228635,16.5,2.25547,7
3018228635,20.5,2.25575,7
3018228635,43.88,2.25597,7
3018228635,50,4.14883,7
3018228635,51,4.14895,7
3018228635,56,4.49602,7
3018228635,69,4.6028,7
3018228635,72,5.14002,7
3018228635,76,5.22494,7
3018228635,103.5,5.25868,7
3018228635,112.5,5.25884,7
3018228635,122.5,5.25896,7
3018228635,132.5,5.81984,7
3018228635,152.5,5.85949,7
3018228635,162.5,6.21795,7
3018228635,215.01,6.27712,7
3018228635,220.01,6.2775,7
3018228635,225.02,6.278,7
3018228635,230,6.28668,7
3018228635,232.5,6.28703,7
3018228635,238.5,6.98867,7
3018228635,242.5,6.98881,7
3018288277,0.01,0.08147,7
3018288277,5.5,0.57851,7
3018288277,6.5,0.71686,7
3018288277,10.5,0.71711,7
3018288277,20.5,0.71803,7
3018288277,41,2.10608,7
3018288277,46,3.97471,7
3018288277,51,3.97505,7
3018288277,53.88,3.97612,7
3018288277,56,4.99927,7
3018288277,61,5.01306,7
3018288277,66,5.59465,7
3018288277,76,5.61377,7
3018288277,78,5.66028,7
3018288277,86,5.66044,7
3018288277,91,5.66058,7
3018288277,104,5.66073,7
3018288277,118,5.66088,7
3018288277,153,5.66112,7
3018288277,167.5,5.88559,7
3018288277,172.5,6.05084,7
3018288277,202.5,6.60797,7
3018288277,215.01,6.60932,7
3018288277,220,6.75302,7
3018288277,222.5,6.76314,7
3018288277,227.51,6.86856,7
3018288277,230.01,6.86897,7
3018288277,232.51,6.88933,7
3018288277,232.51,6.89389,7
3018288277,235.01,6.96848,7
3018288277,235.01,6.96872,7
3018288277,238.5,6.99904,7
3018375809,9.99,0.18866,7
3018375809,25.99,0.18941,7
3018375809,26.99,0.33,7
3018375809,150,3.92875,7
3018375809,152.5,4.44892,7
3018375809,152.5,4.45009,7
3018375809,152.5,4.45034,7
3018375809,177.5,4.54318,7
3018375809,177.5,4.54329,7
3018375809,191.5,6.36603,7
3018375809,202.5,6.69461,7
3018375809,207.5,6.84828,7
3018375809,207.5,6.84846,7
3018375809,207.5,6.84909,7
3018375809,210.02,6.99562,7
3018375809,210.02,6.99623,7
3018453060,200.99,0.24046,3
3018453060,207.5,1.48534,3
3018453060,212.5,1.95536,3
3018453060,215,2.67015,3
3018453060,215,2.7713,3
3018453060,217.5,2.85625,3
3018453060,217.5,2.85645,3
3018453060,222.5,2.8974,3
3018453060,227.5,2.9466,3
3018453060,230,2.96632,3
3018453060,230,2.96865,3
3018453060,235,2.97078,3
3018453060,237.5,2.97096,3
3018453060,237.5,2.97184,3
3018453060,242.5,2.97447,3
3018453060,251,2.99696,3
3018453060,256,2.99816,3
3018453060,261,2.99851,3
3018453060,266,2.99904,3
3018457930,0.01,0.0941,7
3018457930,20.5,0.14084,7
3018457930,22.5,0.14091,7
3018457930,25,0.141,7
3018457930,26,0.14108,7
3018457930,27,0.19655,7
3018457930,28,0.42713,7
3018457930,39,0.52148,7
3018457930,52,0.52175,7
3018457930,61,0.52203,7
3018457930,65,1.09042,7
3018457930,76,5.5177,7
3018457930,78,5.6008,7
3018457930,102.5,5.67043,7
3018457930,127.5,5.80281,7
3018457930,142.5,5.80307,7
3018457930,147.5,6.44263,7
3018457930,150,6.44272,7
3018457930,152.5,6.44284,7
3018457930,155,6.47426,7
3018457930,162.5,6.51912,7
3018457930,177.5,6.51922,7
3018457930,180,6.55918,7
3018457930,182.5,6.55936,7
3018457930,185,6.76462,7
3018457930,202.5,6.7808,7
3018457930,215.15,6.8439,7
3018457930,225,6.87833,7
3018457930,227.5,6.99972,7
3018581708,0.01,0.11929,7
3018581708,2.25,0.13881,7
3018581708,41,0.27466,7
3018581708,43,0.84086,7
3018581708,45.5,0.84565,7
3018581708,51.01,0.8458,7
3018581708,70.01,1.83521,7
3018581708,71.01,2.67792,7
3018581708,73,5.66653,7
3018581708,76.3,5.75275,7
3018581708,80,5.80784,7
3018581708,102.5,5.89575,7
3018581708,133.5,5.9077,7
3018581708,150,6.10907,7
3018581708,152.5,6.10935,7
3018581708,175,6.33813,7
3018581708,177.5,6.33892,7
3018581708,180,6.6728,7
3018581708,182.5,6.67826,7
3018581708,187.5,6.67986,7
3018581708,192.5,6.68032,7
3018581708,202.5,6.68068,7
3018581708,210,6.68139,7
3018581708,212.5,6.68544,7
3018581708,229.5,6.70413,7
3018581708,232,6.70451,7
3018581708,234.5,6.99858,7
3018594562,0.01,0.29706,3
3018594562,41,0.56439,3
3018594562,45,0.59032,3
3018594562,46,0.59218,3
3018594562,48,0.62766,3
3018594562,51,0.64289,3
3018594562,53,0.64433,3
3018594562,55,0.69916,3
3018594562,64.99,1.01701,3
3018594562,66.99,1.08876,3
3018594562,76.01,1.08891,3
3018594562,81,1.08976,3
3018594562,86,1.11352,3
3018594562,91,1.14185,3
3018594562,96.01,1.14576,3
3018594562,102.5,1.52067,3
3018594562,111,1.52075,3
3018594562,113.5,1.60569,3
3018594562,124.51,1.62816,3
3018594562,150,1.66331,3
3018594562,152.5,1.93297,3
3018594562,155,2.25991,3
3018594562,161,2.57145,3
3018594562,163.5,2.62125,3
3018594562,166,2.64648,3
3018594562,171,2.64711,3
3018594562,175,2.64758,3
3018594562,177.5,2.64791,3
3018594562,180,2.7234,3
3018594562,185.5,2.79562,3
3018594562,192.5,2.88325,3
3018594562,197.5,2.88344,3
3018594562,202.5,2.90028,3
3018594562,207.5,2.90093,3
3018594562,212.5,2.95476,3
3018594562,217.5,2.96681,3
3018594562,220,2.96703,3
3018594562,222.5,2.96718,3
3018594562,225,2.97752,3
3018594562,232.5,2.99479,3
3018594562,238.5,2.99913,3
3018594562,244,2.99964,3
3018604649,50,0.69331,7
3018604649,75.55,0.96759,7
3018604649,76.55,0.96786,7
3018604649,102.5,3.15994,7
3018604649,152.5,3.48728,7
3018604649,162.49,3.49247,7
3018604649,167.5,3.50416,7
3018604649,172.5,4.85387,7
3018604649,175,4.85413,7
3018604649,177.5,4.85441,7
3018604649,182.5,6.5728,7
3018604649,185,6.6778,7
3018604649,187.5,6.68215,7
3018604649,192.5,6.77734,7
3018604649,195,6.77758,7
3018604649,197.5,6.77791,7
3018604649,201.5,6.84034,7
3018604649,227.5,6.99102,7
3018604649,237.5,6.99152,7
3018604649,232.5,6.9975,7
3018604649,237.5,6.99979,7
3018623685,0.01,0.23544,7
3018623685,10.5,0.27181,7
3018623685,20.5,0.29041,7
3018623685,21.5,0.4609,7
3018623685,23.5,0.46127,7
3018623685,50,0.46149,7
3018623685,51,1.34222,7
3018623685,71,2.09911,7
3018623685,77.32,2.09949,7
3018623685,81,2.96358,7
3018623685,91,2.99853,7
3018623685,102.5,2.99869,7
3018623685,112.5,2.99882,7
3018623685,152.5,3.08493,7
3018623685,162.5,3.08538,7
3018623685,177.5,3.57846,7
3018623685,182.5,5.79264,7
3018623685,187.5,5.80939,7
3018623685,192.5,5.90512,7
3018623685,202.5,5.90536,7
3018623685,212.5,5.90618,7
3018623685,217.5,6.85005,7
3018623685,220,6.91648,7
3018623685,222.5,6.99969,7
3018632224,0.11,0.32045,7
3018632224,0.16,0.38328,7
3018632224,0.3,0.42157,7
3018632224,51,0.43527,7
3018632224,76,0.43541,7
3018632224,81.35,1.22157,7
3018632224,102.5,1.56895,7
3018632224,159.49,2.91053,7
3018632224,178.49,2.91749,7
3018632224,189.49,4.02374,7
3018632224,197.5,5.62553,7
3018632224,202.5,5.62594,7
3018632224,202.5,6.89313,7
3018632224,205,6.96877,7
3018632224,207.5,6.96891,7
3018632224,207.5,6.96907,7
3018729635,0.01,0.15347,7
3018729635,1.25,0.2702,7
3018729635,10,0.27525,7
3018729635,10.5,1.42948,7
3018729635,39.88,1.5578,7
3018729635,51,2.22587,7
3018729635,60,2.22608,7
3018729635,61,2.70419,7
3018729635,63,3.01601,7
3018729635,76,4.07714,7
3018729635,81,4.32075,7
3018729635,91,5.27885,7
3018729635,102.5,5.27936,7
3018729635,122.5,5.27978,7
3018729635,127.5,5.86869,7
3018729635,150,5.90837,7
3018729635,152.5,5.90862,7
3018729635,177.5,6.00454,7
3018729635,182.5,6.05287,7
3018729635,192.5,6.05315,7
3018729635,200,6.05343,7
3018729635,202.5,6.0537,7
3018729635,210,6.07481,7
3018729635,212.5,6.07497,7
3018729635,220,6.09918,7
3018729635,222.5,6.0997,7
3018729635,227.5,6.43348,7
3018729635,230,6.99019,7
3018729635,232.5,6.99654,7
3018729635,247.5,6.99947,7
3018732453,150,1.02148,5
3018732453,165.25,2.35428,5
3018732453,175,3.1188,5
3018732453,177.5,3.88235,5
3018732453,182,4.22332,5
3018732453,184.5,4.31384,5
3018732453,184.5,4.31536,5
3018732453,187,4.74235,5
3018732453,197.5,4.81175,5
3018732453,205,4.99913,5
3018732453,212.5,4.99992,5
3018738379,0.01,0.13152,5
3018738379,1.25,0.16888,5
3018738379,26,1.308,5
3018738379,31,1.30839,5
3018738379,36,1.32703,5
3018738379,50,2.27016,5
3018738379,51,2.84328,5
3018738379,66,3.02528,5
3018738379,69,3.21719,5
3018738379,72,3.21778,5
3018738379,76,3.21789,5
3018738379,76,3.2185,5
3018738379,79,3.26058,5
3018738379,83.99,3.7026,5
3018738379,86,3.70284,5
3018738379,88.99,3.70307,5
3018738379,92.1,3.7033,5
3018738379,100.1,3.70554,5
3018738379,105,3.9914,5
3018738379,110,4.03852,5
3018738379,122.5,4.03891,5
3018738379,132.5,4.03918,5
3018738379,142.5,4.20889,5
3018738379,148.5,4.22206,5
3018738379,152.5,4.23294,5
3018738379,167.5,4.26469,5
3018738379,177.5,4.63523,5
3018738379,202.52,4.702,5
3018738379,205.02,4.70215,5
3018738379,216.39,4.79257,5
3018738379,220,4.99517,5
3018738379,227.5,4.99553,5
3018738379,233.5,4.99578,5
3018738379,240.5,4.9988,5
3018738379,245.5,4.9997,5
3018738379,250,4.99998,5
3018740612,255,2.91104,3
3018788243,0.01,0.09814,7
3018788243,0.55,0.51152,7
3018788243,0.67,0.59781,7
3018788243,1.25,0.59793,7
3018788243,5,0.59808,7
3018788243,5.5,0.59818,7
3018788243,10.5,0.63023,7
3018788243,12.5,1.19921,7
3018788243,15.5,1.19938,7
3018788243,20.5,1.19951,7
3018788243,26,1.19972,7
3018788243,31,1.21175,7
3018788243,39.88,1.21845,7
3018788243,50,2.72972,7
3018788243,51,3.70899,7
3018788243,52,3.73465,7
3018788243,61,3.88591,7
3018788243,66,3.91845,7
3018788243,66,3.96306,7
3018788243,71,5.09264,7
3018788243,86,5.11647,7
3018788243,102.5,5.11684,7
3018788243,107.5,5.11713,7
3018788243,117.5,5.48409,7
3018788243,122.5,5.48424,7
3018788243,125,5.48434,7
3018788243,127.5,5.48449,7
3018788243,127.5,5.48586,7
3018788243,150,6.02501,7
3018788243,152.5,6.02525,7
3018788243,177.5,6.21286,7
3018788243,182.5,6.33432,7
3018788243,192.5,6.61919,7
3018788243,202.5,6.6197,7
3018788243,207.5,6.62015,7
3018788243,212.5,6.62263,7
3018788243,217.5,6.62286,7
3018788243,222.5,6.62311,7
3018788243,225,6.83299,7
3018788243,230,6.85302,7
3018788243,232.5,6.98713,7
3018788243,237.5,6.98766,7
3018788243,240,6.99072,7
3018788243,242.5,6.99547,7
3018788243,245,6.99888,7
3018792064,219.99,6.98106,7
3018792064,225,6.99807,7
3018868918,99,0.24617,3
3018868918,152.5,0.87828,3
3018868918,175,1.49075,3
3018868918,177.5,1.57831,3
3018868918,197.5,1.98976,3
3018868918,200,1.99002,3
3018868918,202.5,2.07881,3
3018868918,210,2.94124,3
3018868918,212.5,2.94222,3
3018868918,215,2.94449,3
3018868918,224.72,2.99992,3
3018904443,0.01,0.12442,7
3018904443,21.5,0.17096,7
3018904443,32,0.17108,7
3018904443,51,0.17156,7
3018904443,52,0.60891,7
3018904443,61,2.40331,7
3018904443,100,4.77041,7
3018904443,102.5,5.06369,7
3018904443,127.5,5.5412,7
3018904443,132.5,5.93385,7
3018904443,137.5,6.0447,7
3018904443,147.5,6.18253,7
3018904443,182.5,6.18284,7
3018904443,187.5,6.77497,7
3018904443,192.5,6.77587,7
3018904443,197.5,6.7762,7
3018904443,200,6.90317,7
3018904443,202.5,6.90353,7
3018904443,205,6.92521,7
3018904443,207.5,6.9255,7
3018904443,212.5,6.98288,7
3018904443,215,6.98336,7
3018904443,217.5,6.9983,7
3018904443,222.5,6.9998,7
3018964794,99.99,0.17913,5
3018964794,103.5,2.82103,5
3018964794,108.5,2.82145,5
3018964794,113.5,2.82178,5
3018964794,132.5,2.82259,5
3018964794,142.5,2.82285,5
3018964794,147.5,3.09464,5
3018964794,151,3.09478,5
3018964794,153.5,3.09494,5
3018964794,156,3.4699,5
3018964794,162.5,3.57201,5
3018964794,167.5,3.57215,5
3018964794,172.5,3.57231,5
3018964794,177.5,4.18097,5
3018964794,182.5,4.62419,5
3018964794,187.5,4.62659,5
3018964794,202,4.62764,5
3018964794,204.5,4.62825,5
3018964794,209.5,4.99828,5
3018964794,212,4.99858,5
3018989545,0.01,0.05938,7
3018989545,10.5,0.13164,7
3018989545,31,0.19201,7
3018989545,37.88,0.19213,7
3018989545,51,1.26506,7
3018989545,68,4.10043,7
3018989545,76,4.48377,7
3018989545,81,4.48399,7
3018989545,86,4.48413,7
3018989545,91,4.48429,7
3018989545,96,4.48441,7
3018989545,100.01,4.48453,7
3018989545,102.51,4.48488,7
3018989545,110,4.96419,7
3018989545,112.5,4.96458,7
3018989545,122.5,5.20087,7
3018989545,125,5.26728,7
3018989545,127.5,5.53863,7
3018989545,132.5,6.36385,7
3018989545,137.5,6.36394,7
3018989545,142.5,6.36406,7
3018989545,147.5,6.36414,7
3018989545,152.5,6.64745,7
3018989545,217.5,6.67288,7
3018989545,224.5,6.67307,7
3018989545,231.82,6.74205,7
3018989545,237,6.74227,7
3018989545,248,6.74238,7
3018989545,256,6.74252,7
3018989545,265.6,6.84497,7
3018989545,270.6,6.84512,7
3018989545,278,6.9786,7
3018989545,283.5,6.99334,7
3018994053,0.01,0.08523,3
3018994053,1.25,0.59713,3
3018994053,3.25,0.67198,3
3018994053,20.5,0.67216,3
3018994053,36,0.67235,3
3018994053,51,0.68486,3
3018994053,61,0.68501,3
3018994053,76,0.78286,3
3018994053,77,0.80348,3
3018994053,78,2.09917,3
3018994053,102.5,2.46856,3
3018994053,122.5,2.68236,3
3018994053,127.5,2.68258,3
3018994053,132.5,2.74554,3
3018994053,142.5,2.75753,3
3018994053,145,2.93466,3
3018994053,147.5,2.93497,3
3018994053,147.5,2.93581,3
3018994053,150,2.96201,3
3018994053,167.51,2.99836,3
3018994053,172.52,2.99876,3
3018994053,177.5,2.99896,3
3019008453,0.01,0.05538,3
3019008453,20,0.07124,3
3019008453,20.5,0.07141,3
3019008453,22.24,0.07999,3
3019008453,24.5,0.10501,3
3019008453,26,0.3741,3
3019008453,41,0.39808,3
3019008453,51,0.47341,3
3019008453,101.99,0.48231,3
3019008453,104.49,0.55644,3
3019008453,150,0.64976,3
3019008453,152.5,0.65227,3
3019008453,176.99,0.8714,3
3019008453,179.49,1.04866,3
3019008453,182.5,1.46959,3
3019008453,185.99,1.50503,3
3019008453,188.49,1.50522,3
3019008453,192.5,1.73513,3
3019008453,202.5,1.79596,3
3019008453,210,1.79623,3
3019008453,212.5,1.79823,3
3019008453,220,2.8556,3
3019008453,222.5,2.85568,3
3019070859,0.01,0.13277,7
3019070859,10,0.13903,7
3019070859,10.5,0.14058,7
3019070859,11.5,0.1622,7
3019070859,13.5,0.22454,7
3019070859,15.5,0.225,7
3019070859,17,0.22523,7
3019070859,18.5,0.2266,7
3019070859,20.5,0.22772,7
3019070859,26,0.41625,7
3019070859,31,0.79756,7
3019070859,34,0.79848,7
3019070859,41,0.79881,7
3019070859,51,0.79909,7
3019070859,59.88,0.88661,7
3019070859,71,1.13676,7
3019070859,76,1.13767,7
3019070859,81,2.83825,7
3019070859,102.5,3.02941,7
3019070859,107.5,3.34095,7
3019070859,112.5,3.34147,7
3019070859,127.5,5.73403,7
3019070859,137.5,5.76888,7
3019070859,140,5.76904,7
3019070859,142.5,5.76918,7
3019070859,147.5,6.16941,7
3019070859,162.5,6.32759,7
3019070859,172.5,6.32818,7
3019070859,177.5,6.34441,7
3019070859,182.5,6.46199,7
3019070859,202.5,6.51142,7
3019070859,210,6.51162,7
3019070859,210,6.51293,7
3019070859,212.5,6.9973,7
3019070859,212.5,6.99774,7
3019070859,215,6.99867,7
3019070859,228.01,6.99972,7
3019086590,200,6.98833,7
3019086590,202.5,6.99933,7
3019086590,207.5,6.99968,7
3019100520,0.01,0.1026,7
3019100520,20.5,0.17111,7
3019100520,51,0.25225,7
3019100520,71,0.30106,7
3019100520,73,4.76604,7
3019100520,76,5.12244,7
3019100520,86,5.22766,7
3019100520,100,5.57016,7
3019100520,102.5,6.22905,7
3019100520,112.5,6.34204,7
3019100520,117.5,6.34263,7
3019100520,125,6.34749,7
3019100520,127.5,6.34764,7
3019100520,137.5,6.69775,7
3019100520,147.5,6.73317,7
3019100520,152.5,6.73336,7
3019100520,157.5,6.73347,7
3019100520,172.5,6.73363,7
3019100520,187.5,6.94557,7
3019100520,200,6.94758,7
3019100520,202.5,6.94903,7
3019100520,207.5,6.99831,7
3019100520,222.5,6.99946,7
3019100520,230.5,6.99983,7
3019119068,180,6.99436,7
3019119068,187.5,6.99793,7
3019119068,192.5,6.99865,7
3019119068,200,6.99987,7
3019119068,197.5,6.99987,7
3019146651,1,0.10571,7
3019146651,10.5,0.14065,7
3019146651,11.5,0.48572,7
3019146651,51,0.72084,7
3019146651,77,0.72102,7
3019146651,102.5,0.72118,7
3019146651,107.5,0.79336,7
3019146651,112.5,0.79351,7
3019146651,123,2.05619,7
3019146651,125.5,4.21104,7
3019146651,150,4.67402,7
3019146651,152.5,4.67428,7
3019146651,160,5.18421,7
3019146651,162.5,5.18435,7
3019146651,167.5,5.38067,7
3019146651,172.5,5.59904,7
3019146651,177.5,5.6715,7
3019146651,182.5,5.72483,7
3019146651,187.5,5.9908,7
3019146651,192.5,5.99134,7
3019146651,195,5.99162,7
3019146651,197.5,5.99192,7
3019146651,202.5,6.06242,7
3019146651,212.5,6.41918,7
3019146651,215,6.4194,7
3019146651,217.5,6.41964,7
3019146651,222.5,6.48716,7
3019146651,230,6.71611,7
3019146651,232.5,6.73128,7
3019146651,235,6.75174,7
3019146651,237.5,6.82159,7
3019146651,240,6.9689,7
3019148335,0.01,0.0603,7
3019148335,51,0.69969,7
3019148335,53,2.06266,7
3019148335,59.88,2.06275,7
3019148335,61,3.84468,7
3019148335,76,4.24319,7
3019148335,102.5,5.02605,7
3019148335,122.5,5.0262,7
3019148335,132.5,6.41132,7
3019148335,151.69,6.53595,7
3019148335,154.19,6.80032,7
3019148335,154.19,6.80091,7
3019148335,159.19,6.83755,7
3019148335,200.2,6.83932,7
3019148335,200.2,6.84334,7
3019148335,200.2,6.84399,7
3019148335,202.7,6.96605,7
3019148335,227.7,6.99903,7
3019173309,0.01,0.00985,7
3019173309,36,0.48318,7
3019173309,51,0.48332,7
3019173309,59.88,5.12354,7
3019173309,71,5.58762,7
3019173309,81,5.58807,7
3019173309,86,5.58905,7
3019173309,102.5,5.90713,7
3019173309,122.5,6.45596,7
3019173309,150,6.57285,7
3019173309,152.5,6.61329,7
3019173309,155,6.71944,7
3019173309,155,6.72313,7
3019173309,157.5,6.7542,7
3019173309,168.06,6.88572,7
3019173309,180.5,6.93086,7
3019173309,187.5,6.93848,7
3019173309,190,6.95016,7
3019173309,192.5,6.95078,7
3019173309,202.5,6.95899,7
3019173309,212.5,6.97115,7
3019173309,222.5,6.97365,7
3019173309,227.5,6.97421,7
3019173309,230,6.97484,7
3019224930,0.07,1.85918,5
3019224930,15.5,1.86756,5
3019224930,16.5,3.50958,5
3019224930,51,4.42044,5
3019224930,66,4.60145,5
3019224930,72.5,4.60179,5
3019224930,76.5,4.6025,5
3019224930,81,4.63313,5
3019224930,83,4.63365,5
3019224930,91,4.6339,5
3019224930,96,4.63418,5
3019224930,102.5,4.63486,5
3019224930,113.61,4.6351,5
3019224930,113.61,4.63581,5
3019224930,113.61,4.63616,5
3019224930,113.61,4.63647,5
3019224930,117.5,4.71641,5
3019224930,117.5,4.71701,5
3019224930,117.5,4.71772,5
3019224930,117.5,4.7188,5
3019224930,132.5,4.7245,5
3019224930,132.5,4.72476,5
3019224930,132.5,4.7252,5
3019224930,157.5,4.86146,5
3019224930,157.5,4.86731,5
3019224930,172.5,4.89494,5
3019224930,180,4.92163,5
3019224930,185,4.92247,5
3019224930,190,4.94106,5
3019224930,195.1,4.99998,5
3019245076,0.01,0.18931,7
3019245076,26,0.20877,7
3019245076,51,0.87663,7
3019245076,53,2.41404,7
3019245076,55,2.41418,7
3019245076,57,2.41428,7
3019245076,66,2.41441,7
3019245076,71,2.41453,7
3019245076,81,2.41465,7
3019245076,100,2.41476,7
3019245076,102.5,4.12409,7
3019245076,122.5,5.20473,7
3019245076,150,5.85809,7
3019245076,150,5.91699,7
3019245076,152.5,6.35131,7
3019245076,152.5,6.35142,7
3019245076,152.5,6.35166,7
3019245076,152.5,6.35215,7
3019245076,152.5,6.35229,7
3019245076,157.5,6.5709,7
3019245076,182.5,6.7035,7
3019245076,182.5,6.7064,7
3019245076,200,6.84186,7
3019245076,202.5,6.99619,7
3019259186,1,0.07266,7
3019259186,10.5,0.10733,7
3019259186,51,0.153,7
3019259186,61,0.1534,7
3019259186,71,0.15351,7
3019259186,86,0.15571,7
3019259186,97,0.18637,7
3019259186,102.5,0.18654,7
3019259186,107.5,2.43841,7
3019259186,113.5,4.80703,7
3019259186,117.5,5.01692,7
3019259186,122.5,5.30083,7
3019259186,132.5,5.8592,7
3019259186,152.5,5.85931,7
3019259186,157.5,6.32567,7
3019259186,162.5,6.32589,7
3019259186,170,6.32626,7
3019259186,172.5,6.61446,7
3019259186,187.5,6.76648,7
3019259186,197.5,6.79664,7
3019259186,200,6.79678,7
3019259186,202.5,6.79699,7
3019259186,207.5,6.96006,7
3019259186,212.5,6.98848,7
3019259186,224.51,6.98959,7
3019259186,229.51,6.9933,7
3019259186,240,6.99484,7
3019259186,242.5,6.99514,7
3019259186,245,6.99904,7
3019271858,0.01,0.08971,7
3019271858,20.5,0.12251,7
3019271858,26,0.12266,7
3019271858,51.69,0.65247,7
3019271858,100,4.4308,7
3019271858,102.5,5.92094,7
3019271858,107.5,5.96632,7
3019271858,112.5,5.97692,7
3019271858,152.45,6.25448,7
3019271858,157.5,6.42084,7
3019271858,162.5,6.42095,7
3019271858,172.5,6.42112,7
3019271858,176,6.92241,7
3019271858,178.5,6.94064,7
3019271858,181.81,6.94608,7
3019271858,184.31,6.9476,7
3019271858,187.5,6.94869,7
3019271858,200.01,6.95155,7
3019271858,202.51,6.95181,7
3019271858,208.51,6.95644,7
3019271858,213.61,6.99231,7
3019271858,220,6.99255,7
3019271858,222.5,6.99275,7
3019271858,225.78,6.99799,7
3019271858,232.8,6.99823,7
3019271858,238,6.99836,7
3019271858,240.5,6.99846,7
3019271858,245,6.99998,7
3019326300,100,5.81635,7
3019326300,100,5.81714,7
3019326300,102.5,5.84038,7
3019326300,102.5,5.84067,7
3019326300,102.5,5.84095,7
3019326300,102.5,5.8414,7
3019326300,112.5,6.79473,7
3019326300,173.49,6.8256,7
3019326300,202.5,6.96301,7
3019326300,207.5,6.97545,7
3019326870,0.01,0.07274,7
3019326870,5.01,0.1512,7
3019326870,5.51,0.15135,7
3019326870,7.37,0.58447,7
3019326870,10.5,0.83325,7
3019326870,20,0.87389,7
3019326870,20.5,0.874,7
3019326870,22.5,1.23378,7
3019326870,29,1.48852,7
3019326870,36,1.73142,7
3019326870,41,1.73212,7
3019326870,46,1.73231,7
3019326870,51,1.73251,7
3019326870,56,1.73263,7
3019326870,61,2.10854,7
3019326870,65.5,2.10869,7
3019326870,66.5,2.10883,7
3019326870,71,4.20979,7
3019326870,73,4.26715,7
3019326870,75,4.422,7
3019326870,102.5,4.42227,7
3019326870,112.5,4.64837,7
3019326870,117.5,4.64848,7
3019326870,120,4.64858,7
3019326870,122.5,4.64875,7
3019326870,127.5,6.68402,7
3019326870,132.5,6.6887,7
3019326870,152.45,6.68914,7
3019326870,180.27,6.69138,7
3019326870,185.27,6.87913,7
3019326870,202.5,6.92319,7
3019326870,227.5,6.95687,7
3019326870,237.5,6.99367,7
3019342231,25,0.05698,7
3019342231,36,0.13353,7
3019342231,50,2.82042,7
3019342231,51,2.82088,7
3019342231,52,4.98906,7
3019342231,57,5.34749,7
3019342231,61,5.36633,7
3019342231,67,5.40729,7
3019342231,76,5.43773,7
3019342231,76,5.43951,7
3019342231,83,5.71587,7
3019342231,92,5.85931,7
3019342231,92,6.3292,7
3019342231,96,6.61911,7
3019342231,96,6.6192,7
3019342231,102.5,6.64038,7
3019342231,102.5,6.65431,7
3019342231,125.02,6.84468,7
3019342231,127.52,6.84488,7
3019342231,136,6.84736,7
3019342231,138.5,6.88527,7
3019342231,152.5,6.94865,7
3019342231,158,6.95146,7
3019342231,167.5,6.98575,7
3019342231,170.01,6.99323,7
3019342231,172.51,6.99581,7
3019342231,181.51,6.99948,7
3019342231,184.01,6.99964,7
3019342231,186.51,6.99998,7
3019342390,45.99,0.62541,5
3019342390,47.99,2.05743,5
3019342390,53.35,2.05792,5
3019342390,61,2.05813,5
3019342390,71,2.39169,5
3019342390,80.99,3.34911,5
3019342390,98,4.58403,5
3019342390,105,4.59354,5
3019342390,115,4.59417,5
3019342390,132.5,4.5952,5
3019342390,143.38,4.59573,5
3019342390,152.5,4.73317,5
3019342390,156,4.80324,5
3019342390,177.5,4.80441,5
3019342390,181,4.90097,5
3019342390,187,4.96858,5
3019342390,193,4.96865,5
3019342390,201.5,4.96872,5
3019342390,204,4.99369,5
3019342390,206.5,4.99917,5
3019342390,209,4.99951,5
3019342390,211.5,4.99994,5
3019354114,9.99,0.36773,5
3019354114,10.49,0.39551,5
3019354114,20.5,1.03227,5
3019354114,20.5,1.04637,5
3019354114,31,1.11491,5
3019354114,36,1.11515,5
3019354114,39,1.11537,5
3019354114,41.02,1.1156,5
3019354114,45,1.70492,5
3019354114,46,3.43784,5
3019354114,76,3.4388,5
3019354114,76,3.4392,5
3019354114,86,3.53597,5
3019354114,102.5,3.61083,5
3019354114,107.5,4.29896,5
3019354114,112.5,4.29905,5
3019354114,151.07,4.36897,5
3019354114,153.57,4.40543,5
3019354114,163.5,4.45574,5
3019354114,173.5,4.45598,5
3019354114,183.5,4.45623,5
3019354114,186.5,4.95806,5
3019354114,191.5,4.98568,5
3019354114,202.5,4.99544,5
3019354114,212.5,4.99855,5
3019354114,227.5,4.99964,5
3019354114,232.5,4.99998,5
3019428008,0.01,0.06318,7
3019428008,0.06,0.06799,7
3019428008,0.15,0.10804,7
3019428008,1,0.11934,7
3019428008,4.7,0.11983,7
3019428008,10.5,0.85972,7
3019428008,11,0.91242,7
3019428008,12.5,1.97123,7
3019428008,15.5,3.06094,7
3019428008,17.5,3.52433,7
3019428008,20.5,3.52459,7
3019428008,37.88,3.52472,7
3019428008,51,4.13068,7
3019428008,66,4.31142,7
3019428008,76,4.31163,7
3019428008,91,5.07494,7
3019428008,100,5.07507,7
3019428008,102.5,6.08618,7
3019428008,128.49,6.12412,7
3019428008,143.49,6.1244,7
3019428008,150.99,6.12535,7
3019428008,153.49,6.69279,7
3019428008,177.5,6.70374,7
3019428008,183.49,6.77075,7
3019428008,192.49,6.772,7
3019428008,202.5,6.90676,7
3019428008,207.5,6.90711,7
3019428008,212.5,6.90753,7
3019428008,222.5,6.96449,7
3019428008,232.5,6.99868,7
3019428008,238,6.99929,7
3019428008,240.5,6.99964,7
3019459282,0.01,0.04606,7
3019459282,0.11,0.19101,7
3019459282,3.25,0.19118,7
3019459282,10.5,0.23479,7
3019459282,41,1.30944,7
3019459282,50,1.30957,7
3019459282,51,3.42154,7
3019459282,61,4.78682,7
3019459282,66,5.62911,7
3019459282,102.5,5.9733,7
3019459282,127.5,6.05863,7
3019459282,149.66,6.20662,7
3019459282,152.5,6.23125,7
3019459282,177.5,6.70675,7
3019459282,189.5,6.72469,7
3019459282,194.5,6.72603,7
3019459282,212.5,6.80538,7
3019459282,217,6.95242,7
3019459282,219.5,6.95259,7
3019459282,222.5,6.98454,7
3019459282,230,6.99977,7
3019459282,232.5,6.9999,7
3019485042,5,1.69771,10
3019485042,10,2.6858,10
3019485042,10.5,4.25499,10
3019485042,36.05,5.1215,10
3019485042,51,6.88737,10
3019485042,56,6.88749,10
3019485042,56,6.93348,10
3019485042,61,8.17942,10
3019485042,105,9.16274,10
3019485042,105,9.16394,10
3019485042,122.5,9.66075,10
3019485042,140,9.68689,10
3019485042,142.5,9.77324,10
3019485042,162.5,9.94436,10
3019485042,167.5,9.96507,10
3019485042,172.5,9.99628,10
3019508285,1,0.07007,3
3019508285,1.75,0.14838,3
3019508285,2.75,0.14865,3
3019508285,3.75,0.14878,3
3019508285,6,0.14911,3
3019508285,8,0.14925,3
3019508285,10.5,0.14942,3
3019508285,15.5,0.14957,3
3019508285,16.5,0.14978,3
3019508285,18.5,0.14992,3
3019508285,20.5,0.15006,3
3019508285,22.5,0.1502,3
3019508285,26,0.15042,3
3019508285,31,0.15057,3
3019508285,36,0.15094,3
3019508285,41,0.15108,3
3019508285,43.31,0.24834,3
3019508285,47,0.2486,3
3019508285,102.5,0.69417,3
3019508285,132.5,0.91662,3
3019508285,154.85,0.94424,3
3019508285,165.39,0.94457,3
3019508285,173.73,0.97807,3
3019508285,177.51,1.02186,3
3019508285,200,1.03641,3
3019508285,202.5,1.03666,3
3019508285,207.5,1.23391,3
3019508285,227.5,1.73733,3
3019508285,232.5,2.15571,3
3019508285,237.5,2.15579,3
3019508285,242.5,2.15586,3
3019508285,250,2.15596,3
3019508285,255,2.80333,3
3019515786,0.01,0.09251,7
3019515786,0.06,0.58409,7
3019515786,1.25,0.60682,7
3019515786,2.25,1.09561,7
3019515786,3.25,1.12941,7
3019515786,5.5,1.12962,7
3019515786,10.5,1.59037,7
3019515786,20.5,2.04858,7
3019515786,37.88,2.72887,7
3019515786,41,5.13111,7
3019515786,43,5.1315,7
3019515786,50,5.92237,7
3019515786,51,5.92278,7
3019515786,56,6.09071,7
3019515786,106.48,6.12956,7
3019515786,122.5,6.40718,7
3019515786,127.5,6.51206,7
3019515786,187.5,6.59281,7
3019515786,192.5,6.77931,7
3019515786,197.5,6.77959,7
3019515786,200,6.84729,7
3019515786,202.5,6.84771,7
3019515786,210,6.883,7
3019515786,212.5,6.89493,7
3019515786,222.5,6.90731,7
3019515786,232.5,6.90771,7
3019515786,242.5,6.98523,7
3019515786,247.5,6.98558,7
3019515786,250,6.98576,7
3019515786,255,6.98601,7
3019515786,260,6.99773,7
3019515786,265,6.99817,7
3019516140,25,5.74821,7
3019516140,61,6.06118,7
3019516140,66,6.06154,7
3019516140,71,6.55288,7
3019516140,86,6.60802,7
3019516140,127.5,6.6223,7
3019516140,152.5,6.77542,7
3019516140,152.5,6.7762,7
3019516140,200,6.87897,7
3019516140,202.5,6.87969,7
3019516140,202.5,6.88006,7
3019516140,202.5,6.88046,7
3019530013,240,2.11293,7
3019530013,250.01,6.66285,7
3019540740,0.01,0.37748,7
3019540740,1.25,0.50376,7
3019540740,1.25,0.5955,7
3019540740,3.25,1.45711,7
3019540740,10.5,1.51001,7
3019540740,10.5,1.96847,7
3019540740,11.01,2.00671,7
3019540740,26,2.65024,7
3019540740,37.88,2.71971,7
3019540740,61,3.48323,7
3019540740,71,3.48367,7
3019540740,81,3.48412,7
3019540740,91,3.48473,7
3019540740,102.5,3.48509,7
3019540740,112.5,3.4855,7
3019540740,122.5,3.48601,7
3019540740,125,4.98461,7
3019540740,127.5,6.01167,7
3019540740,140.27,6.5776,7
3019540740,147.5,6.58844,7
3019540740,152.5,6.58861,7
3019540740,157.5,6.58884,7
3019540740,162.5,6.58906,7
3019540740,170.27,6.6569,7
3019540740,175,6.78843,7
3019540740,177.5,6.82498,7
3019540740,180,6.84125,7
3019540740,182.5,6.84167,7
3019540740,187.5,6.84786,7
3019540740,190,6.89064,7
3019540740,194.01,6.92313,7
3019540740,200.51,6.92411,7
3019540740,203.01,6.92594,7
3019540740,212.5,6.92618,7
3019540740,218.01,6.92671,7
3019540740,220.55,6.93876,7
3019540740,223.05,6.97249,7
3019540740,255,6.99962,7
3019559023,0.01,0.19921,3
3019559023,0.11,0.24006,3
3019559023,2.25,0.27581,3
3019559023,3.25,0.34667,3
3019559023,27.45,0.42641,3
3019559023,41,0.42685,3
3019559023,51.87,0.92189,3
3019559023,56,1.4137,3
3019559023,133.02,1.47168,3
3019559023,150,1.80882,3
3019559023,152.5,1.81343,3
3019559023,177.5,1.89953,3
3019559023,182.5,2.5423,3
3019559023,202.5,2.64894,3
3019559023,212.5,2.86692,3
3019559023,215,2.86705,3
3019559023,215,2.88561,3
3019610737,0.01,0.08209,7
3019610737,5.5,0.14834,7
3019610737,7.5,0.15049,7
3019610737,10.5,0.15071,7
3019610737,15.5,0.17484,7
3019610737,26,0.48576,7
3019610737,32.03,0.7023,7
3019610737,51,1.63571,7
3019610737,71,5.10807,7
3019610737,76,5.46495,7
3019610737,122.5,6.0239,7
3019610737,127.5,6.05468,7
3019610737,132.5,6.05536,7
3019610737,136.54,6.05638,7
3019610737,139.04,6.05745,7
3019610737,141.54,6.15157,7
3019610737,152.5,6.36502,7
3019610737,162.5,6.42961,7
3019610737,177.5,6.43015,7
3019610737,182.5,6.43064,7
3019610737,192.5,6.46375,7
3019610737,197.5,6.46406,7
3019610737,200,6.46436,7
3019610737,202.5,6.46468,7
3019610737,207.5,6.79412,7
3019610737,217.5,6.79956,7
3019610737,227.5,6.9644,7
3019610737,237.5,6.97056,7
3019610737,242.5,6.97105,7
3019610737,250,6.99035,7
3019696199,0.01,0.07458,7
3019696199,0.06,0.21787,7
3019696199,0.06,0.21977,7
3019696199,0.11,0.3686,7
3019696199,10.5,0.57736,7
3019696199,15.5,1.16013,7
3019696199,20.55,1.16049,7
3019696199,23.5,3.07162,7
3019696199,26,4.00522,7
3019696199,31.05,4.49162,7
3019696199,86,4.68888,7
3019696199,96,4.69348,7
3019696199,122.5,5.81874,7
3019696199,127.5,5.81919,7
3019696199,148.5,5.90589,7
3019696199,153.5,5.90681,7
3019696199,177.5,6.5855,7
3019696199,187.5,6.75454,7
3019696199,187.5,6.76225,7
3019696199,192.5,6.76293,7
3019696199,200,6.80767,7
3019696199,202.5,6.8719,7
3019696199,215.11,6.87794,7
3019696199,217.61,6.95175,7
3019696199,220.11,6.98319,7
3019696199,222.61,6.98385,7
3019696199,227.5,6.99806,7
3019696199,232.5,6.99869,7
3019696199,237.5,6.999,7
3019696199,240,6.99928,7
3019696199,242.5,6.99954,7
3019696199,247.5,6.99991,7
3019716900,9.99,1.01773,5
3019716900,10.5,1.47801,5
3019716900,15.5,2.94704,5
3019716900,41,3.05427,5
3019716900,51,3.7647,5
3019716900,61.01,3.94538,5
3019716900,66.01,3.94561,5
3019716900,147.5,4.40211,5
3019716900,152.5,4.59469,5
3019716900,163.49,4.70378,5
3019716900,173.49,4.70406,5
3019716900,180,4.83156,5
3019716900,182.5,4.94047,5
3019716900,217.5,4.94439,5
3019716900,217.5,4.9502,5
3019716900,222.5,4.96083,5
3019716900,225.76,4.96168,5
3019716900,228.26,4.9619,5
3019716900,232.5,4.99881,5
3019716900,232.5,4.99899,5
3019716900,232.5,4.99917,5
3019783040,100,3.77123,7
3019783040,127.5,5.13659,7
3019783040,151.02,5.13693,7
3019783040,153.52,5.13735,7
3019783040,162.5,5.42587,7
3019783040,166,6.12522,7
3019783040,168.5,6.12558,7
3019783040,171,6.19197,7
3019783040,173.5,6.2075,7
3019783040,187.5,6.36472,7
3019783040,192.5,6.36515,7
3019783040,197.5,6.37344,7
3019783040,200.01,6.37383,7
3019783040,202.51,6.3741,7
3019783040,202.51,6.92334,7
3019783040,205.01,6.98545,7
3019783040,205.01,6.98586,7
3019783040,217.5,6.99949,7
3019783040,217.5,6.99995,7
3019821308,239.99,6.83983,7
3019821569,0.01,0.85963,7
3019821569,1.25,0.89274,7
3019821569,15.5,0.91435,7
3019821569,20.5,0.97265,7
3019821569,21.5,1.11336,7
3019821569,37.88,1.5423,7
3019821569,51,1.98336,7
3019821569,51,2.42273,7
3019821569,56,2.97796,7
3019821569,76,5.16395,7
3019821569,102.5,5.90979,7
3019821569,107.5,5.9822,7
3019821569,112.5,5.98247,7
3019821569,117.5,5.98266,7
3019821569,117.5,6.07714,7
3019821569,122.5,6.24569,7
3019821569,128.51,6.24852,7
3019821569,133.51,6.24957,7
3019821569,152.5,6.25668,7
3019821569,162.5,6.25697,7
3019821569,177.5,6.25726,7
3019821569,202.5,6.83291,7
3019821569,222.5,6.9772,7
3019821569,230,6.97795,7
3019821569,232.5,6.97888,7
3019821569,237.5,6.9933,7
3019821569,240,6.99988,7
3019873456,0.01,0.06172,7
3019873456,1.25,0.63509,7
3019873456,5.5,0.63524,7
3019873456,10.5,0.6665,7
3019873456,11.5,0.88256,7
3019873456,31,0.91209,7
3019873456,37.88,3.49501,7
3019873456,41,3.84943,7
3019873456,46,4.92441,7
3019873456,48,4.96753,7
3019873456,50,4.96774,7
3019873456,51,4.96784,7
3019873456,52,5.32362,7
3019873456,91,5.46022,7
3019873456,150,5.75862,7
3019873456,152.5,5.75881,7
3019873456,157.5,6.01376,7
3019873456,162.5,6.01411,7
3019873456,177.5,6.13881,7
3019873456,182.5,6.6248,7
3019873456,228.26,6.76101,7
3019873456,232.5,6.89184,7
3019873456,237.5,6.92465,7
3019873456,237.5,6.93314,7
3019873456,242.5,6.96174,7
3019881842,199.95,1.66795,3
3019881842,202.5,2.41237,3
3019881842,222.4,2.46634,3
3019881842,255,2.46655,3
3019881842,260,2.46875,3
3019972424,0.01,0.18457,7
3019972424,20.5,0.25105,7
3019972424,37.88,1.24934,7
3019972424,41.01,3.30797,7
3019972424,51,4.68479,7
3019972424,61,4.92046,7
3019972424,71,5.06892,7
3019972424,91,5.06913,7
3019972424,112.5,5.06936,7
3019972424,122.5,5.06954,7
3019972424,127.5,5.06977,7
3019972424,151.35,5.11375,7
3019972424,153.85,5.11402,7
3019972424,158.85,5.20951,7
3019972424,162.5,5.20977,7
3019972424,167.5,5.32527,7
3019972424,172.5,5.92458,7
3019972424,175,5.92495,7
3019972424,177.5,6.20206,7
3019972424,182.5,6.24976,7
3019972424,187.5,6.72866,7
3019972424,212.5,6.74319,7
3019972424,217.5,6.89376,7
3019972424,225.01,6.90108,7
3019972424,235.05,6.99226,7
3019972424,242.5,6.99275,7
3019975492,1,0.29569,5
3019975492,8.5,0.80803,5
3019975492,8.5,1.34269,5
3019975492,26,1.37904,5
3019975492,41,1.74229,5
3019975492,66,2.3188,5
3019975492,76,3.25049,5
3019975492,86,3.28286,5
3019975492,103.84,3.29329,5
3019975492,133.5,4.01627,5
3019975492,152.5,4.04949,5
3019975492,157.5,4.63466,5
3019975492,162.52,4.98198,5
3019975492,172.5,4.9956,5
3019975492,177.5,4.99573,5
3019975492,200,4.99581,5
3019975492,202.5,4.99963,5
3020017121,9.99,0.13681,7
3020017121,10.49,0.22601,7
3020017121,10.99,1.72797,7
3020017121,21.5,1.83019,7
3020017121,44.07,2.01868,7
3020017121,56,4.15038,7
3020017121,60,4.844,7
3020017121,80,4.96273,7
3020017121,100,4.96296,7
3020017121,111.5,4.96307,7
3020017121,141.5,5.03786,7
3020017121,157.5,5.03797,7
3020017121,161.5,6.3478,7
3020017121,177.5,6.48056,7
3020017121,200,6.71698,7
3020017121,202.5,6.71722,7
3020017121,202.5,6.9262,7
3020017121,205,6.98567,7
3020017121,214.5,6.98714,7
3020017121,219.5,6.99146,7
3020017121,230,6.99419,7
3020017121,232.5,6.99443,7
3020017121,235,6.99495,7
3020017121,242.5,6.99537,7
3020017121,245,6.99868,7
3020017121,247.5,6.99973,7
3020026227,0.01,0.10317,7
3020026227,31,0.57113,7
3020026227,33,1.88429,7
3020026227,56,1.9436,7
3020026227,100,4.15176,7
3020026227,100,4.55468,7
3020026227,102.5,5.92955,7
3020026227,112.5,6.44497,7
3020026227,112.5,6.44539,7
3020026227,112.5,6.44565,7
3020026227,128.49,6.52358,7
3020026227,155.2,6.5945,7
3020026227,157.7,6.66013,7
3020026227,175.01,6.69861,7
3020026227,180.01,6.77036,7
3020026227,185,6.77098,7
3020026227,187.5,6.93965,7
3020026227,212.5,6.97669,7
3020026227,222.5,6.97686,7
3020026227,235,6.99549,7
3020060476,0.01,0.57406,7
3020060476,0.15,0.87731,7
3020060476,10.5,0.93293,7
3020060476,37.88,1.84639,7
3020060476,46,4.61218,7
3020060476,76,4.89053,7
3020060476,81,4.89088,7
3020060476,102.5,5.92689,7
3020060476,117.5,5.95929,7
3020060476,125,5.95951,7
3020060476,127.5,5.95968,7
3020060476,137.5,6.05237,7
3020060476,147.5,6.05299,7
3020060476,152.5,6.55115,7
3020060476,177.51,6.64593,7
3020060476,180.01,6.86514,7
3020060476,182.51,6.87289,7
3020060476,190.02,6.90093,7
3020060476,201.5,6.94339,7
3020060476,207.6,6.9528,7
3020060476,222.5,6.99307,7
3020060476,230,6.99874,7
3020109475,150,4.26046,7
3020109475,167.5,6.46942,7
3020109475,172.5,6.57943,7
3020109475,177.5,6.6015,7
3020109475,182.5,6.62778,7
3020109475,187.5,6.73146,7
3020109475,202.5,6.80582,7
3020109475,210,6.80615,7
3020109475,212.5,6.80631,7
3020109475,217.5,6.9047,7
3020125049,175,4.18046,7
3020125049,182.5,5.12583,7
3020125049,192.5,5.714,7
3020125049,200,5.71453,7
3020125049,202.5,5.71493,7
3020125049,207.5,5.91604,7
3020125049,210,6.72838,7
3020125049,212.5,6.9536,7
3020125049,225.99,6.96326,7
3020125049,228.49,6.98896,7
3020143804,0.01,0.06216,7
3020143804,2.25,0.0734,7
3020143804,5.5,0.08726,7
3020143804,10.5,0.31689,7
3020143804,31,0.40838,7
3020143804,36,2.34417,7
3020143804,37.88,2.34444,7
3020143804,50,4.00766,7
3020143804,51,4.41728,7
3020143804,150.1,5.39044,7
3020143804,152.6,5.85772,7
3020143804,157.6,6.16925,7
3020143804,173.62,6.28323,7
3020143804,177.5,6.35477,7
3020143804,207.6,6.39521,7
3020143804,220,6.44806,7
3020143804,222.5,6.44836,7
3020143804,225,6.93358,7
3020143804,232.5,6.99002,7
3020157897,1,0.34606,3
3020157897,1.5,0.3584,3
3020157897,10.5,0.35859,3
3020157897,20.5,0.35892,3
3020157897,26,1.28668,3
3020157897,51,1.37929,3
3020157897,51,1.38089,3
3020157897,52,1.40441,3
3020157897,52,1.40486,3
3020157897,56,1.98829,3
3020157897,86,2.20501,3
3020157897,161.5,2.46705,3
3020157897,172.5,2.88993,3
3020157897,202.5,2.90269,3
3020157897,227.5,2.92081,3
3020159852,1,0.75821,7
3020159852,1.25,2.36623,7
3020159852,76,3.06778,7
3020159852,100,4.00627,7
3020159852,102.5,6.22922,7
3020159852,127.6,6.35839,7
3020159852,152.5,6.60488,7
3020159852,182.5,6.78983,7
3020159852,187.5,6.95128,7
3020159852,200,6.95329,7
3020159852,202.5,6.96809,7
3020159852,205,6.97447,7
3020160387,1,0.1439,7
3020160387,1.5,0.75628,7
3020160387,52.51,2.12089,7
3020160387,76,2.88067,7
3020160387,76,2.95684,7
3020160387,100,3.26259,7
3020160387,102.5,3.26302,7
3020160387,102.5,5.21087,7
3020160387,102.5,5.21104,7
3020160387,112.5,6.33735,7
3020160387,152.5,6.41052,7
3020160387,162.5,6.42057,7
3020160387,182.5,6.83111,7
3020160387,187.5,6.92315,7
3020160387,191.5,6.94478,7
3020160387,196.5,6.98507,7
3020160387,202,6.9881,7
3020160387,202,6.98979,7
3020160387,204.5,6.9952,7
3020160387,204.5,6.99613,7
3020160387,204.5,6.99792,7
3020160387,204.5,6.99885,7
3020237085,50,0.40013,7
3020237085,100,0.40106,7
3020237085,100,1.97461,7
3020237085,100,2.85833,7
3020237085,102.5,6.30703,7
3020237085,102.5,6.3072,7
3020237085,152.5,6.53881,7
3020237085,172.5,6.71459,7
3020237085,177.5,6.71469,7
3020237085,187.5,6.71544,7
3020237085,192.5,6.7156,7
3020237085,202.5,6.87281,7
3020237085,207.5,6.87318,7
3020237085,212.5,6.87338,7
3020237085,222.5,6.87363,7
3020237085,227,6.87381,7
3020237085,229.5,6.87404,7
3020237085,232.5,6.96637,7
3020237201,0.01,0.05292,7
3020237201,2.25,0.5044,7
3020237201,30.05,0.99922,7
3020237201,31.05,1.00469,7
3020237201,40.88,1.03168,7
3020237201,41.88,1.04001,7
3020237201,46,1.6111,7
3020237201,50,1.86153,7
3020237201,51,1.86223,7
3020237201,56,4.07337,7
3020237201,102.5,5.35667,7
3020237201,112.5,5.61295,7
3020237201,117.5,5.61373,7
3020237201,152.5,6.02308,7
3020237201,177.5,6.07138,7
3020237201,182.5,6.11811,7
3020237201,192.51,6.57524,7
3020237201,197.51,6.66558,7
3020237201,202.51,6.92809,7
3020237201,207.51,6.92828,7
3020237201,212.51,6.92856,7
3020237201,222.5,6.94703,7
3020237201,227.5,6.99943,7
3020237201,230,6.99968,7
3020237201,232.5,6.99998,7
3020242442,1,0.56829,3
3020242442,20.51,0.62694,3
3020242442,61,0.62718,3
3020242442,102.52,0.81736,3
3020242442,112.51,0.8642,3
3020242442,117.53,0.86488,3
3020242442,125.01,0.86597,3
3020242442,127.51,0.90284,3
3020242442,148.4,0.97174,3
3020242442,153.28,1.04426,3
3020242442,180.5,1.47332,3
3020242442,185.5,1.47369,3
3020242442,195.5,1.47399,3
3020242442,200.5,1.88788,3
3020242442,255,1.97527,3
3020242442,265,2.08674,3
3020242442,270,2.09407,3
3020257463,0.01,0.47964,7
3020257463,1.25,0.5017,7
3020257463,26,0.53796,7
3020257463,76,0.5384,7
3020257463,102.5,1.06513,7
3020257463,120.5,4.00209,7
3020257463,152.5,5.93422,7
3020257463,162.5,6.46321,7
3020257463,177.5,6.47299,7
3020257463,190,6.47334,7
3020257463,192.5,6.47353,7
3020257463,202.5,6.55103,7
3020257463,220.5,6.63068,7
3020257463,232.5,6.63103,7
3020257463,238.5,6.63116,7
3020257463,244.5,6.74302,7
3020269225,240,6.86282,7
3020274575,100,3.60765,7
3020274575,102.5,4.51397,7
3020274575,107.5,4.55972,7
3020274575,122.5,4.56023,7
3020274575,128.16,4.56059,7
3020274575,151,6.45845,7
3020274575,153.5,6.45868,7
3020274575,160.5,6.77752,7
3020274575,165.5,6.77794,7
3020274575,172.5,6.77826,7
3020274575,177.5,6.92263,7
3020329965,1,3.00858,7
3020329965,51,3.13124,7
3020329965,53,4.81455,7
3020329965,55,4.81481,7
3020329965,57,4.81501,7
3020329965,61,4.81528,7
3020329965,63,4.90784,7
3020329965,66,4.9081,7
3020329965,69,4.90837,7
3020329965,71,4.90851,7
3020329965,73,5.06089,7
3020329965,76,5.06175,7
3020329965,113.5,5.13819,7
3020329965,143.03,6.10324,7
3020329965,150,6.13067,7
3020329965,152.5,6.13087,7
3020329965,162.5,6.39781,7
3020329965,162.5,6.39814,7
3020329965,177.5,6.44219,7
3020329965,177.5,6.44244,7
3020329965,187.5,6.82686,7
3020329965,187.5,6.82698,7
3020329965,192.5,6.89486,7
3020329965,197.5,6.9166,7
3020329965,197.5,6.96598,7
3020329965,197.5,6.96691,7
3020329965,204.5,6.98979,7
3020329965,204.5,6.99002,7
3020329965,204.5,6.99184,7
3020334869,0.01,0.08667,7
3020334869,37.88,0.36904,7
3020334869,39.88,4.81078,7
3020334869,41.88,4.81096,7
3020334869,43.88,4.81118,7
3020334869,51,4.95326,7
3020334869,76,5.2306,7
3020334869,100,5.23094,7
3020334869,102.5,5.2313,7
3020334869,112.5,5.2469,7
3020334869,127.5,5.80906,7
3020334869,142.5,5.83541,7
3020334869,152.5,5.96509,7
3020334869,157.5,6.04814,7
3020334869,162.5,6.04839,7
3020334869,177.5,6.04946,7
3020334869,200,6.09508,7
3020334869,202.5,6.09586,7
3020334869,205,6.10659,7
3020334869,211.33,6.83352,7
3020334869,217.5,6.88172,7
3020334869,224.5,6.88218,7
3020334869,227,6.88235,7
3020334869,229.5,6.89295,7
3020334869,232,6.99451,7
3020334869,234.5,6.99836,7
3020334869,240.01,6.99939,7
3020382619,215,6.64536,7
3020382619,217.5,6.90198,7
3020431774,0.01,0.02517,7
3020431774,31,0.54204,7
3020431774,37.88,2.98752,7
3020431774,40,3.55521,7
3020431774,42,3.55547,7
3020431774,45,3.55572,7
3020431774,46,4.00669,7
3020431774,51.99,5.04308,7
3020431774,56,5.28538,7
3020431774,59,5.46233,7
3020431774,66,5.48654,7
3020431774,76,5.48764,7
3020431774,81,5.48784,7
3020431774,86,5.48801,7
3020431774,91,5.48815,7
3020431774,102.5,5.59537,7
3020431774,107.5,5.61826,7
3020431774,112.5,5.6184,7
3020431774,127.5,6.16817,7
3020431774,152.5,6.17374,7
3020431774,172.5,6.17397,7
3020431774,177.5,6.17411,7
3020431774,187.5,6.50471,7
3020431774,190,6.56101,7
3020431774,192.5,6.80402,7
3020431774,195,6.8875,7
3020431774,195,6.94819,7
3020431774,195,6.9484,7
3020431774,195,6.94853,7
3020431774,195,6.94862,7
3020431774,195,6.9487,7
3020431774,200,6.9972,7
3020431774,202.5,6.99729,7
3020431774,202.5,6.99741,7
3020431774,202.5,6.99759,7
3020431774,207.5,6.99856,7
3020435332,200,6.98488,7
3020435332,210,6.998,7
3020435332,212.5,6.99995,7
3020454530,0.01,0.05615,7
3020454530,28.68,1.02314,7
3020454530,36,1.81916,7
3020454530,41,4.00433,7
3020454530,51,4.00446,7
3020454530,61,4.00463,7
3020454530,100,4.54568,7
3020454530,102.5,4.54583,7
3020454530,107.5,6.06764,7
3020454530,118,6.45472,7
3020454530,123.5,6.48071,7
3020454530,127.5,6.54157,7
3020454530,132.5,6.70481,7
3020454530,152.5,6.70729,7
3020454530,175,6.70847,7
3020454530,177.5,6.81929,7
3020454530,192.5,6.88042,7
3020454530,202.5,6.89552,7
3020454530,217.56,6.90479,7
3020454530,222.5,6.94484,7
3020454530,227.5,6.99943,7
3020526277,19.99,3.38479,7
3020526277,22.5,3.39998,7
3020526277,26,4.02823,7
3020526277,29,4.02833,7
3020526277,51,4.43832,7
3020526277,122.5,5.1895,7
3020526277,132.5,5.18966,7
3020526277,142.5,5.94565,7
3020526277,152.5,5.94591,7
3020526277,172.5,5.94611,7
3020526277,182.5,6.28725,7
3020526277,187.5,6.2874,7
3020526277,201.5,6.41688,7
3020526277,206.5,6.88157,7
3020526277,212.5,6.88179,7
3020532816,0.01,0.96183,7
3020532816,1.25,1.17539,7
3020532816,5.5,1.32053,7
3020532816,6.5,1.32066,7
3020532816,10,1.32078,7
3020532816,10.5,1.32087,7
3020532816,15.5,1.32818,7
3020532816,20.5,1.33703,7
3020532816,21.5,1.3372,7
3020532816,26,1.33738,7
3020532816,31,1.33755,7
3020532816,37.88,4.22633,7
3020532816,41,4.78676,7
3020532816,51,4.78704,7
3020532816,55,4.78719,7
3020532816,56,4.8185,7
3020532816,59,5.19352,7
3020532816,76,5.22378,7
3020532816,81,5.34117,7
3020532816,91,5.7652,7
3020532816,100,5.76563,7
3020532816,102.5,5.76626,7
3020532816,105,5.81006,7
3020532816,112.5,5.98569,7
3020532816,117.5,5.99569,7
3020532816,122.5,5.99595,7
3020532816,125,5.99613,7
3020532816,127.5,5.99631,7
3020532816,130,6.19301,7
3020532816,140,6.20226,7
3020532816,142.5,6.26426,7
3020532816,147.5,6.26618,7
3020532816,150,6.26642,7
3020532816,152.5,6.26662,7
3020532816,155,6.26803,7
3020532816,160,6.2698,7
3020532816,162.5,6.43566,7
3020532816,172.5,6.49244,7
3020532816,182.5,6.60473,7
3020532816,187.5,6.60494,7
3020532816,192.5,6.60508,7
3020532816,197.5,6.60529,7
3020532816,200,6.60546,7
3020532816,202.5,6.98591,7
3020532816,205,6.99,7
3020532816,207.5,6.99721,7
3020532816,212.5,6.99848,7
3020532816,215,6.99868,7
3020532816,217.5,6.99888,7
3020532816,222.5,6.99906,7
3020532816,227.5,6.99979,7
3020562562,0.01,0.23306,7
3020562562,5.5,0.40733,7
3020562562,10.5,1.22797,7
3020562562,37.88,4.01561,7
3020562562,51,5.08772,7
3020562562,66,5.08799,7
3020562562,71,5.08816,7
3020562562,76,5.08832,7
3020562562,81,5.08848,7
3020562562,102.5,5.43418,7
3020562562,108.5,5.43462,7
3020562562,114.5,5.43497,7
3020562562,119.5,5.90002,7
3020562562,124.5,5.90027,7
3020562562,129.5,5.90043,7
3020562562,142.6,6.07924,7
3020562562,147.6,6.18212,7
3020562562,150.1,6.18249,7
3020562562,152.6,6.35916,7
3020562562,162.5,6.51116,7
3020562562,167.5,6.5113,7
3020562562,175,6.51144,7
3020562562,177.5,6.51156,7
3020562562,182.5,6.86299,7
3020562562,192.5,6.88539,7
3020562562,197.5,6.88553,7
3020562562,200,6.89006,7
3020562562,202.5,6.89021,7
3020562562,205,6.89466,7
3020562562,224.14,6.90068,7
3020562562,232.5,6.99182,7
3020562562,237.5,6.99574,7
3020562562,242.5,6.99692,7
3020562562,247.5,6.99816,7
3020562562,250,6.99892,7
3020573049,215,1.97615,3
3020573049,220,2.94545,3
3020632534,1,0.14328,3
3020632534,137.5,0.39552,3
3020632534,162.5,0.6275,3
3020632534,172.5,0.62773,3
3020632534,177.5,0.62789,3
3020632534,188.39,0.98497,3
3020632534,202.5,1.47193,3
3020632534,222.5,1.55817,3
3020632534,232.5,1.80793,3
3020632534,255,1.80911,3
3020632534,265,1.81019,3
3020684186,25,0.26389,3
3020684186,27.03,1.01707,3
3020684186,27.03,1.03125,3
3020684186,29.05,1.36101,3
3020684186,30.5,1.57238,3
3020684186,30.5,1.57275,3
3020684186,31.5,1.57947,3
3020684186,50,2.076,3
3020684186,51,2.07626,3
3020684186,53,2.3277,3
3020684186,56,2.45353,3
3020684186,58,2.46028,3
3020684186,60,2.46045,3
3020684186,61,2.461,3
3020684186,65.02,2.49145,3
3020684186,102.5,2.63057,3
3020684186,125,2.63109,3
3020684186,127.5,2.63162,3
3020684186,142.5,2.64875,3
3020684186,152.5,2.65029,3
3020684186,157.5,2.69264,3
3020684186,162.5,2.69742,3
3020684186,187.5,2.76584,3
3020684186,192.5,2.97531,3
3020684186,197.5,2.97583,3
3020684186,200,2.9762,3
3020684186,202.5,2.97666,3
3020701670,19.99,0.08247,5
3020701670,51,0.19818,5
3020701670,81,0.2489,5
3020701670,83,0.24953,5
3020701670,102.5,0.26436,5
3020701670,152.5,0.4387,5
3020701670,177.5,1.15426,5
3020701670,182.5,1.15451,5
3020701670,187.5,1.15477,5
3020701670,192.5,1.155,5
3020701670,197.5,1.15514,5
3020701670,200,1.15528,5
3020701670,202.5,1.21723,5
3020701670,207.5,1.2206,5
3020701670,212.5,1.22079,5
3020701670,217.5,1.22093,5
3020701670,222.5,1.22255,5
3020701670,225,1.22541,5
3020701670,227.5,1.22561,5
3020701670,230,4.91431,5
3020701670,232.5,4.9197,5
3020701670,237.5,4.93249,5
3020701670,242.5,4.93293,5
3020701670,247.5,4.93316,5
3020701670,250,4.93606,5
3020701670,255,4.95152,5
3020701670,265,4.99556,5
3020805007,150,0.835,5
3020805007,157.5,0.88918,5
3020805007,182.5,3.04258,5
3020805007,187.5,4.17038,5
3020805007,190,4.74218,5
3020805007,192.5,4.74235,5
3020805007,195,4.83269,5
3020805007,197.5,4.83338,5
3020805007,197.5,4.83525,5
3020805007,200,4.92127,5
3020805007,200,4.92149,5
3020805007,202.5,4.96021,5
3020805007,216.5,4.99269,5
3020805007,219,4.99291,5
3020805007,221.5,4.9944,5
3020805007,225,4.996,5
3020805007,227.5,4.99972,5
3020805007,232.5,4.99995,5
3020818693,1,0.5111,3
3020818693,31,0.52297,3
3020818693,41,0.52341,3
3020818693,51,0.52383,3
3020818693,102.5,0.81618,3
3020818693,127.5,0.81642,3
3020818693,132.5,0.81657,3
3020818693,137.5,0.81672,3
3020818693,152.5,0.81689,3
3020818693,157.5,0.81703,3
3020818693,167.5,0.81716,3
3020818693,177.5,0.81729,3
3020818693,187.5,0.81747,3
3020818693,192.5,1.19765,3
3020818693,197.5,1.60566,3
3020818693,202.5,2.97642,3
3020823944,1,0.69917,5
3020823944,51,0.7937,5
3020823944,100.05,1.09707,5
3020823944,102.55,1.47212,5
3020823944,112.5,1.6824,5
3020823944,127.5,3.63514,5
3020823944,137.5,3.63566,5
3020823944,150.65,3.63604,5
3020823944,153.15,3.63652,5
3020823944,165,3.67263,5
3020823944,167.5,3.68365,5
3020823944,171.51,3.87259,5
3020823944,174.01,4.3395,5
3020823944,180.5,4.43228,5
3020823944,187.19,4.43378,5
3020823944,191,4.85669,5
3020823944,193.5,4.85747,5
3020823944,197,4.94473,5
3020823944,199.5,4.95332,5
3020823944,204.5,4.95664,5
3020823944,208.95,4.96583,5
3020823944,211.45,4.96594,5
3020823944,213.95,4.98161,5
3020823944,216.45,4.98777,5
3020823944,218.95,4.98976,5
3020823944,221.45,4.99163,5
3020823944,223.95,4.99243,5
3020823944,226.45,4.99322,5
3020823944,228.95,4.99413,5
3020823944,231.45,4.99551,5
3020823944,233.95,4.99652,5
3020823944,237.5,4.99993,5
3021003299,240,2.93343,3
3021003299,245,2.99286,3
3406945791,9.99,0.01465,7
3406945791,31,0.02539,7
3406945791,53,0.0575,7
3406945791,96,0.66248,7
3406945791,127.5,0.66262,7
3406945791,147.5,0.6628,7
3406945791,152.5,0.66304,7
3406945791,155,0.76547,7
3406945791,177.5,0.80953,7
3406945791,195,0.93341,7
3406945791,197.5,0.93351,7
3406945791,200,1.10953,7
3406945791,202.5,3.68168,7
3406945791,207.5,4.04531,7
3406945791,217.5,4.04568,7
3406945791,222.5,6.60786,7
3406945791,225,6.60799,7
3406945791,227.5,6.60815,7
3406945791,230,6.67638,7
3406945791,232.5,6.67674,7
3410601613,9.99,0.77898,3
3410601613,11.5,0.93721,3
3410601613,15.5,0.9374,3
3410601613,20,0.93763,3
3410601613,20.5,0.93912,3
3410601613,26,0.95453,3
3410601613,31.5,0.98508,3
3410601613,36,1.03786,3
3410601613,41,1.04192,3
3410601613,46,1.04205,3
3410601613,51,1.04215,3
3410601613,56,1.16098,3
3410601613,81,1.56965,3
3410601613,83,1.60206,3
3410601613,85,1.76044,3
3410601613,103.77,1.88676,3
3410601613,122.5,1.93672,3
3410601613,152.5,1.93865,3
3410601613,177.5,1.99413,3
3410601613,202.5,2.00684,3
3410601613,205.5,2.40328,3
3410601613,212.5,2.72183,3
3410601613,232.5,2.75803,3
3410601613,237.5,2.76375,3
3410601613,241.05,2.76387,3
3410601613,241.05,2.77097,3
3410601613,243.55,2.95922,3
3410601613,243.55,2.98307,3
3410601613,248.5,2.99821,3
